i;j;player;rival;seed;pScore;rScore;winner;secs;pFled;rFled;pHits;rHits;pKnocked;rKnocked;pCol;rCol;detail
0;0;Muralla;Muralla;4242;21;15;Player;9;0;3;5;6;6;5;26;25;P:GuaC=0/0/5/2/0 P:RecC=12/14/0/1/0 P:RecC=9/12/0/3/0 R:GuaC=0/0/6/2/0 R:RecC=9/11/0/0/2 R:RecC=6/14/0/3/1 
0;1;Muralla;MurallaVetas;4242;26;18;Player;9;4;4;1;1;1;1;28;19;P:GuaC=2/3/1/1/0 P:RecC=12/12/0/0/2 P:RecC=12/13/0/0/2 R:GuaV=2/2/1/1/0 R:RecV=9/9/0/0/2 R:RecV=7/8/0/0/2 
0;2;Muralla;Hormiguero;4242;34;23;Player;9;0;3;0;0;0;0;36;27;P:GuaC=4/4/0/0/0 P:RecC=15/16/0/0/0 P:RecC=15/16/0/0/0 R:RecV=9/10/0/0/1 R:RecV=9/9/0/0/1 R:RecV=5/8/0/0/1 
0;3;Muralla;HormigueroSenuelo;4242;26;17;Player;9;2;5;5;0;0;5;27;18;P:GuaC=0/0/5/0/0 P:RecC=13/13/0/0/1 P:RecC=13/14/0/0/1 R:RecV=7/7/0/0/3 R:RecV=10/11/0/0/1 R:SeñC=0/0/0/5/1 
0;4;Muralla;Jauria;4242;15;15;None;10;5;0;5;5;5;5;21;22;P:GuaC=0/1/5/1/0 P:RecC=8/11/0/2/2 P:RecC=7/9/0/2/3 R:CazC=0/2/1/3/0 R:CazV=2/5/4/2/0 R:RecV=13/15/0/0/0 
0;5;Muralla;JauriaCentro;4242;18;9;Player;9;7;2;6;3;3;6;19;16;P:GuaC=0/0/6/0/0 P:RecC=9/9/0/1/4 P:RecC=9/10/0/2/3 R:CazC=0/2/1/2/0 R:CazC=3/3/2/1/0 R:RecC=6/11/0/3/2 
0;6;Muralla;Emboscada;4242;28;5;Player;9;3;6;7;0;0;7;28;11;P:GuaC=0/0/7/0/0 P:RecC=13/13/0/0/3 P:RecC=15/15/0/0/0 R:CazV=2/3/0/2/0 R:SeñV=0/2/0/2/1 R:RecC=3/6/0/3/5 
0;7;Muralla;Mixta;4242;9;15;Rival;10;9;0;6;9;9;6;14;18;P:GuaC=0/0/6/3/0 P:RecC=3/6/0/5/4 P:RecC=6/8/0/1/5 R:GuaC=0/0/6/3/0 R:CazC=2/2/3/3/0 R:RecV=13/16/0/0/0 
0;8;Muralla;Codicia;4242;29;10;Player;9;0;19;5;0;0;5;30;17;P:GuaC=0/0/5/0/0 P:RecC=15/15/0/0/0 P:RecC=14/15/0/0/0 R:RecC=2/4/0/2/8 R:RecC=1/4/0/3/5 R:RecC=7/9/0/0/6 
0;9;Muralla;Escolta;4242;21;5;Player;10;2;3;7;2;2;7;28;17;P:GuaC=0/0/7/0/0 P:RecC=9/13/0/2/0 P:RecC=12/15/0/0/2 R:CazC=1/2/1/2/0 R:CazV=3/5/1/0/0 R:RecC=1/10/0/5/3 
0;10;Muralla;Senuelos;4242;23;15;Player;9;7;4;4;0;0;4;23;19;P:GuaC=0/0/4/0/0 P:RecC=10/10/0/0/4 P:RecC=13/13/0/0/3 R:SeñC=0/1/0/2/2 R:SeñV=2/2/0/2/2 R:RecV=13/16/0/0/0 
0;11;Muralla;DobleGuardia;4242;17;10;Player;10;5;2;7;6;6;7;22;20;P:GuaC=0/0/7/4/0 P:RecC=10/10/0/0/3 P:RecC=7/12/0/2/2 R:GuaC=0/0/6/3/0 R:GuaV=7/8/0/0/0 R:RecC=3/12/0/4/2 
0;12;Muralla;ContraJauria;4242;25;18;Player;9;4;0;3;4;4;3;27;19;P:GuaC=2/2/3/1/0 P:RecC=11/11/0/1/2 P:RecC=12/14/0/2/2 R:GuaV=3/4/2/1/0 R:CazV=2/2/2/2/0 R:RecV=13/13/0/0/0 
0;13;Muralla;Fortin;4242;14;9;Player;10;13;2;6;7;7;6;15;17;P:GuaC=0/0/6/6/0 P:RecC=7/8/0/0/6 P:RecC=7/7/0/1/7 R:GuaC=0/0/6/4/0 R:CazV=0/4/1/1/0 R:RecC=9/13/0/1/2 
0;14;Muralla;Engano;4242;27;10;Player;10;0;9;6;0;0;6;31;16;P:GuaC=0/0/6/0/0 P:RecC=15/17/0/0/0 P:RecC=12/14/0/0/0 R:SeñC=0/0/0/5/1 R:RecC=7/8/0/0/4 R:RecC=3/8/0/1/4 
0;15;Muralla;Rebano;4242;27;19;Player;9;2;5;4;0;0;4;27;26;P:GuaC=0/0/4/0/0 P:RecC=12/12/0/0/2 P:RecC=15/15/0/0/0 R:RecC=6/9/0/2/3 R:RecV=13/15/0/0/0 R:SeñV=0/2/0/2/2 
1;0;MurallaVetas;Muralla;4242;23;24;Rival;9;1;4;2;2;2;2;24;31;P:GuaV=2/2/2/2/0 P:RecV=12/13/0/0/0 P:RecV=9/9/0/0/1 R:GuaC=2/2/2/1/0 R:RecC=12/17/0/1/2 R:RecC=10/12/0/0/2 
1;1;MurallaVetas;MurallaVetas;4242;17;19;Rival;9;0;1;0;0;0;0;17;19;P:GuaV=4/4/0/0/0 P:RecV=7/7/0/0/0 P:RecV=6/6/0/0/0 R:GuaV=4/4/0/0/0 R:RecV=6/6/0/0/0 R:RecV=9/9/0/0/1 
1;2;MurallaVetas;Hormiguero;4242;26;20;Player;9;0;0;0;0;0;0;26;20;P:GuaV=6/6/0/0/0 P:RecV=11/11/0/0/0 P:RecV=9/9/0/0/0 R:RecV=7/7/0/0/0 R:RecV=6/6/0/0/0 R:RecV=7/7/0/0/0 
1;3;MurallaVetas;HormigueroSenuelo;4242;22;19;Player;9;0;0;3;0;0;3;23;20;P:GuaV=2/3/3/0/0 P:RecV=11/11/0/0/0 P:RecV=9/9/0/0/0 R:RecV=8/8/0/0/0 R:RecV=9/9/0/0/0 R:SeñC=2/3/0/3/0 
1;4;MurallaVetas;Jauria;4242;19;16;Player;9;1;1;4;2;2;4;22;18;P:GuaV=2/2/4/0/0 P:RecV=12/12/0/0/0 P:RecV=5/8/0/2/1 R:CazC=2/2/1/2/0 R:CazV=6/6/1/0/0 R:RecV=8/10/0/2/1 
1;5;MurallaVetas;JauriaCentro;4242;20;20;None;9;2;1;1;0;0;1;24;24;P:GuaV=2/4/1/0/0 P:RecV=11/13/0/0/0 P:RecV=7/7/0/0/2 R:CazC=6/6/0/1/0 R:CazC=2/3/0/0/0 R:RecC=12/15/0/0/1 
1;6;MurallaVetas;Emboscada;4242;20;23;Rival;9;1;1;4;0;0;4;22;25;P:GuaV=0/0/4/0/0 P:RecV=10/12/0/0/0 P:RecV=10/10/0/0/1 R:CazV=6/6/0/1/0 R:SeñV=2/2/0/3/1 R:RecC=15/17/0/0/0 
1;7;MurallaVetas;Mixta;4242;16;18;Rival;9;3;2;4;1;1;4;23;18;P:GuaV=0/1/4/0/0 P:RecV=9/12/0/1/2 P:RecV=7/10/0/0/1 R:GuaC=2/2/0/1/0 R:CazC=6/6/1/0/0 R:RecV=10/10/0/3/2 
1;8;MurallaVetas;Codicia;4242;25;40;Rival;9;0;2;0;0;0;0;28;40;P:GuaV=6/6/0/0/0 P:RecV=10/10/0/0/0 P:RecV=9/12/0/0/0 R:RecC=13/13/0/0/1 R:RecC=13/13/0/0/1 R:RecC=14/14/0/0/0 
1;9;MurallaVetas;Escolta;4242;17;21;Rival;9;5;2;3;2;2;3;20;22;P:GuaV=0/1/3/2/0 P:RecV=10/12/0/0/2 P:RecV=7/7/0/0/3 R:CazC=4/4/0/2/0 R:CazV=5/5/2/0/0 R:RecC=12/13/0/1/2 
1;10;MurallaVetas;Senuelos;4242;16;20;Rival;9;3;1;3;0;0;3;16;23;P:GuaV=2/2/3/0/0 P:RecV=9/9/0/0/1 P:RecV=5/5/0/0/2 R:SeñC=3/4/0/2/0 R:SeñV=6/6/0/1/0 R:RecV=11/13/0/0/1 
1;11;MurallaVetas;DobleGuardia;4242;23;23;None;9;1;0;1;1;1;1;23;26;P:GuaV=2/2/1/1/0 P:RecV=12/12/0/0/0 P:RecV=9/9/0/0/1 R:GuaC=2/2/1/1/0 R:GuaV=9/9/0/0/0 R:RecC=12/15/0/0/0 
1;12;MurallaVetas;ContraJauria;4242;16;16;None;9;6;0;2;0;0;2;17;18;P:GuaV=2/2/2/0/0 P:RecV=6/7/0/0/4 P:RecV=8/8/0/0/2 R:GuaV=5/6/0/0/0 R:CazV=0/1/0/2/0 R:RecV=11/11/0/0/0 
1;13;MurallaVetas;Fortin;4242;17;23;Rival;9;5;0;2;2;2;2;22;24;P:GuaV=2/3/2/1/0 P:RecV=10/10/0/0/2 P:RecV=5/9/0/1/3 R:GuaC=4/4/1/0/0 R:CazV=4/4/1/1/0 R:RecC=15/16/0/1/0 
1;14;MurallaVetas;Engano;4242;23;27;Rival;9;0;4;1;0;0;1;23;30;P:GuaV=2/2/1/0/0 P:RecV=12/12/0/0/0 P:RecV=9/9/0/0/0 R:SeñC=3/3/0/1/2 R:RecC=12/14/0/0/1 R:RecC=12/13/0/0/1 
1;15;MurallaVetas;Rebano;4242;20;23;Rival;9;2;2;3;0;0;3;20;27;P:GuaV=0/0/3/0/0 P:RecV=10/10/0/0/2 P:RecV=10/10/0/0/0 R:RecC=10/13/0/2/1 R:RecV=13/13/0/0/0 R:SeñV=0/1/0/1/1 
2;0;Hormiguero;Muralla;4242;24;27;Rival;9;1;0;0;0;0;0;29;30;P:RecV=9/12/0/0/0 P:RecV=8/10/0/0/0 P:RecV=7/7/0/0/1 R:GuaC=0/0/0/0/0 R:RecC=12/15/0/0/0 R:RecC=15/15/0/0/0 
2;1;Hormiguero;MurallaVetas;4242;18;19;Rival;9;0;0;0;0;0;0;18;19;P:RecV=6/6/0/0/0 P:RecV=6/6/0/0/0 P:RecV=6/6/0/0/0 R:GuaV=6/6/0/0/0 R:RecV=5/5/0/0/0 R:RecV=8/8/0/0/0 
2;2;Hormiguero;Hormiguero;4242;20;21;Rival;9;0;0;0;0;0;0;20;21;P:RecV=6/6/0/0/0 P:RecV=9/9/0/0/0 P:RecV=5/5/0/0/0 R:RecV=6/6/0/0/0 R:RecV=9/9/0/0/0 R:RecV=6/6/0/0/0 
2;3;Hormiguero;HormigueroSenuelo;4242;18;23;Rival;9;4;0;0;0;0;0;18;27;P:RecV=6/6/0/0/1 P:RecV=6/6/0/0/2 P:RecV=6/6/0/0/1 R:RecV=7/9/0/0/0 R:RecV=12/12/0/0/0 R:SeñC=4/6/0/0/0 
2;4;Hormiguero;Jauria;4242;15;18;Rival;10;12;0;0;4;4;0;19;19;P:RecV=3/7/0/3/3 P:RecV=8/8/0/0/4 P:RecV=4/4/0/1/5 R:CazC=0/1/3/0/0 R:CazV=5/5/1/0/0 R:RecV=13/13/0/0/0 
2;5;Hormiguero;JauriaCentro;4242;15;20;Rival;9;11;0;0;5;5;0;23;21;P:RecV=1/5/0/3/5 P:RecV=10/11/0/1/2 P:RecV=4/7/0/1/4 R:CazC=2/2/2/0/0 R:CazC=3/4/3/0/0 R:RecC=15/15/0/0/0 
2;6;Hormiguero;Emboscada;4242;7;15;Rival;9;21;0;0;3;3;0;8;21;P:RecV=3/4/0/1/5 P:RecV=2/2/0/1/7 P:RecV=2/2/0/1/9 R:CazV=0/2/3/0/0 R:SeñV=0/2/0/0/0 R:RecC=15/17/0/0/0 
2;7;Hormiguero;Mixta;4242;17;19;Rival;9;10;0;0;2;2;0;20;24;P:RecV=6/7/0/0/3 P:RecV=6/8/0/0/4 P:RecV=5/5/0/2/3 R:GuaC=4/6/0/0/0 R:CazC=2/4/2/0/0 R:RecV=13/14/0/0/0 
2;8;Hormiguero;Codicia;4242;24;38;Rival;9;0;0;0;0;0;0;28;42;P:RecV=6/8/0/0/0 P:RecV=9/9/0/0/0 P:RecV=9/11/0/0/0 R:RecC=12/13/0/0/0 R:RecC=14/14/0/0/0 R:RecC=12/15/0/0/0 
2;9;Hormiguero;Escolta;4242;11;17;Rival;10;13;0;0;6;6;0;17;21;P:RecV=3/7/0/2/3 P:RecV=5/6/0/1/6 P:RecV=3/4/0/3/4 R:CazC=2/4/1/0/0 R:CazV=0/2/5/0/0 R:RecC=15/15/0/0/0 
2;10;Hormiguero;Senuelos;4242;23;16;Player;9;3;0;0;0;0;0;23;17;P:RecV=9/9/0/0/2 P:RecV=8/8/0/0/0 P:RecV=6/6/0/0/1 R:SeñC=2/3/0/0/0 R:SeñV=4/4/0/0/0 R:RecV=10/10/0/0/0 
2;11;Hormiguero;DobleGuardia;4242;22;26;Rival;9;3;0;0;0;0;0;25;27;P:RecV=9/9/0/0/0 P:RecV=7/9/0/0/2 P:RecV=6/7/0/0/1 R:GuaC=2/2/0/0/0 R:GuaV=9/9/0/0/0 R:RecC=15/16/0/0/0 
2;12;Hormiguero;ContraJauria;4242;18;19;Rival;9;8;0;0;4;4;0;20;19;P:RecV=3/5/0/3/2 P:RecV=7/7/0/0/2 P:RecV=8/8/0/1/4 R:GuaV=6/6/1/0/0 R:CazV=2/2/3/0/0 R:RecV=11/11/0/0/0 
2;13;Hormiguero;Fortin;4242;21;19;Player;9;5;0;0;3;3;0;24;21;P:RecV=7/7/0/0/2 P:RecV=10/10/0/2/1 P:RecV=4/7/0/1/2 R:GuaC=0/0/1/0/0 R:CazV=4/5/2/0/0 R:RecC=15/16/0/0/0 
2;14;Hormiguero;Engano;4242;24;29;Rival;9;1;0;0;0;0;0;31;32;P:RecV=9/10/0/0/1 P:RecV=8/11/0/0/0 P:RecV=7/10/0/0/0 R:SeñC=2/2/0/0/0 R:RecC=12/15/0/0/0 R:RecC=15/15/0/0/0 
2;15;Hormiguero;Rebano;4242;27;25;Player;9;1;0;0;0;0;0;27;26;P:RecV=7/7/0/0/1 P:RecV=11/11/0/0/0 P:RecV=9/9/0/0/0 R:RecC=12/13/0/0/0 R:RecV=10/10/0/0/0 R:SeñV=3/3/0/0/0 
3;0;HormigueroSenuelo;Muralla;4242;20;25;Rival;9;0;3;0;4;4;0;23;29;P:RecV=10/13/0/0/0 P:RecV=10/10/0/0/0 P:SeñC=0/0/0/4/0 R:GuaC=0/1/4/0/0 R:RecC=13/13/0/0/2 R:RecC=12/15/0/0/1 
3;1;HormigueroSenuelo;MurallaVetas;4242;22;17;Player;9;1;0;0;2;2;0;23;20;P:RecV=10/10/0/0/0 P:RecV=8/8/0/0/1 P:SeñC=4/5/0/2/0 R:GuaV=2/2/2/0/0 R:RecV=6/9/0/0/0 R:RecV=9/9/0/0/0 
3;2;HormigueroSenuelo;Hormiguero;4242;23;21;Player;9;0;3;0;0;0;0;23;22;P:RecV=12/12/0/0/0 P:RecV=7/7/0/0/0 P:SeñC=4/4/0/0/0 R:RecV=7/8/0/0/1 R:RecV=5/5/0/0/2 R:RecV=9/9/0/0/0 
3;3;HormigueroSenuelo;HormigueroSenuelo;4242;17;20;Rival;9;0;2;0;0;0;0;17;21;P:RecV=10/10/0/0/0 P:RecV=7/7/0/0/0 P:SeñC=0/0/0/0/0 R:RecV=10/10/0/0/1 R:RecV=10/10/0/0/1 R:SeñC=0/1/0/0/0 
3;4;HormigueroSenuelo;Jauria;4242;17;20;Rival;9;11;0;0;4;4;0;18;20;P:RecV=8/9/0/1/5 P:RecV=7/7/0/0/3 P:SeñC=2/2/0/3/3 R:CazC=2/2/1/0/0 R:CazV=4/4/3/0/0 R:RecV=14/14/0/0/0 
3;5;HormigueroSenuelo;JauriaCentro;4242;17;17;None;10;3;0;0;8;8;0;20;18;P:RecV=10/13/0/1/0 P:RecV=7/7/0/2/1 P:SeñC=0/0/0/5/2 R:CazC=2/2/3/0/0 R:CazC=0/1/5/0/0 R:RecC=15/15/0/0/0 
3;6;HormigueroSenuelo;Emboscada;4242;14;19;Rival;9;13;2;0;2;2;0;15;23;P:RecV=6/7/0/1/5 P:RecV=4/4/0/1/7 P:SeñC=4/4/0/0/1 R:CazV=0/1/2/0/0 R:SeñV=7/7/0/0/0 R:RecC=12/15/0/0/2 
3;7;HormigueroSenuelo;Mixta;4242;17;18;Rival;9;7;0;0;5;5;0;18;18;P:RecV=11/11/0/0/2 P:RecV=6/7/0/0/3 P:SeñC=0/0/0/5/2 R:GuaC=0/0/3/0/0 R:CazC=2/2/2/0/0 R:RecV=16/16/0/0/0 
3;8;HormigueroSenuelo;Codicia;4242;23;21;Player;9;0;12;0;0;0;0;24;28;P:RecV=12/13/0/0/0 P:RecV=11/11/0/0/0 P:SeñC=0/0/0/0/0 R:RecC=9/11/0/0/3 R:RecC=3/6/0/0/6 R:RecC=9/11/0/0/3 
3;9;HormigueroSenuelo;Escolta;4242;11;14;Rival;10;18;1;0;7;7;0;11;15;P:RecV=6/6/0/1/7 P:RecV=5/5/0/1/7 P:SeñC=0/0/0/5/4 R:CazC=0/0/5/0/0 R:CazV=0/0/2/0/0 R:RecC=14/15/0/0/1 
3;10;HormigueroSenuelo;Senuelos;4242;22;15;Player;9;1;1;0;0;0;0;22;16;P:RecV=13/13/0/0/0 P:RecV=9/9/0/0/1 P:SeñC=0/0/0/0/0 R:SeñC=0/1/0/0/0 R:SeñV=2/2/0/0/1 R:RecV=13/13/0/0/0 
3;11;HormigueroSenuelo;DobleGuardia;4242;17;17;None;9;3;2;0;6;6;0;22;21;P:RecV=10/12/0/0/1 P:RecV=7/10/0/0/1 P:SeñC=0/0/0/6/1 R:GuaC=0/1/6/0/0 R:GuaV=7/7/0/0/0 R:RecC=10/13/0/0/2 
3;12;HormigueroSenuelo;ContraJauria;4242;18;20;Rival;9;6;0;0;3;3;0;19;20;P:RecV=10/10/0/0/2 P:RecV=6/6/0/0/3 P:SeñC=2/3/0/3/1 R:GuaV=5/5/1/0/0 R:CazV=2/2/2/0/0 R:RecV=13/13/0/0/0 
3;13;HormigueroSenuelo;Fortin;4242;13;16;Rival;10;9;1;0;8;8;0;14;17;P:RecV=9/10/0/2/2 P:RecV=4/4/0/0/6 P:SeñC=0/0/0/6/1 R:GuaC=0/0/3/0/0 R:CazV=0/1/5/0/0 R:RecC=16/16/0/0/1 
3;14;HormigueroSenuelo;Engano;4242;17;17;None;9;3;12;0;0;0;0;20;19;P:RecV=9/10/0/0/2 P:RecV=8/10/0/0/1 P:SeñC=0/0/0/0/0 R:SeñC=2/2/0/0/2 R:RecC=7/9/0/0/4 R:RecC=8/8/0/0/6 
3;15;HormigueroSenuelo;Rebano;4242;17;25;Rival;9;1;4;0;0;0;0;23;25;P:RecV=10/13/0/0/0 P:RecV=7/10/0/0/1 P:SeñC=0/0/0/0/0 R:RecC=8/8/0/0/4 R:RecV=13/13/0/0/0 R:SeñV=4/4/0/0/0 
4;0;Jauria;Muralla;4242;15;17;Rival;10;0;7;3;6;6;3;17;22;P:CazC=0/0/1/5/0 P:CazV=2/2/2/1/0 P:RecV=13/15/0/0/0 R:GuaC=0/1/6/0/0 R:RecC=10/13/0/1/2 R:RecC=7/8/0/2/5 
4;1;Jauria;MurallaVetas;4242;14;12;Player;10;3;9;5;5;5;5;16;14;P:CazC=4/4/0/2/0 P:CazV=0/1/5/1/0 P:RecV=10/11/0/2/3 R:GuaV=0/1/5/0/0 R:RecV=6/7/0/3/4 R:RecV=6/6/0/2/5 
4;2;Jauria;Hormiguero;4242;22;13;Player;10;0;12;7;0;0;7;22;17;P:CazC=3/3/4/0/0 P:CazV=4/4/3/0/0 P:RecV=15/15/0/0/0 R:RecV=7/7/0/1/3 R:RecV=0/3/0/4/6 R:RecV=6/7/0/2/3 
4;3;Jauria;HormigueroSenuelo;4242;17;17;None;9;0;5;3;0;0;3;17;18;P:CazC=1/1/2/0/0 P:CazV=4/4/1/0/0 P:RecV=12/12/0/0/0 R:RecV=8/9/0/1/1 R:RecV=9/9/0/0/1 R:SeñC=0/0/0/2/3 
4;4;Jauria;Jauria;4242;6;5;Player;10;8;4;5;8;8;5;7;9;P:CazC=3/3/2/3/0 P:CazV=0/1/3/2/0 P:RecV=3/3/0/3/8 R:CazC=1/4/4/2/0 R:CazV=0/0/4/0/0 R:RecV=4/5/0/3/4 
4;5;Jauria;JauriaCentro;4242;12;11;Player;10;2;3;4;3;3;4;15;14;P:CazC=0/0/4/2/0 P:CazV=0/2/0/1/0 P:RecV=12/13/0/0/2 R:CazC=2/2/1/0/0 R:CazC=2/2/2/2/0 R:RecC=7/10/0/2/3 
4;6;Jauria;Emboscada;4242;0;4;Rival;10;7;9;5;3;3;5;5;12;P:CazC=0/2/3/0/0 P:CazV=0/2/2/0/0 P:RecV=0/1/0/3/7 R:CazV=1/3/3/1/0 R:SeñV=0/2/0/2/2 R:RecC=3/7/0/2/7 
4;7;Jauria;Mixta;4242;17;13;Player;10;1;2;4;5;5;4;18;15;P:CazC=0/0/2/4/0 P:CazV=6/6/2/1/0 P:RecV=11/12/0/0/1 R:GuaC=0/0/4/1/0 R:CazC=2/2/1/1/0 R:RecV=11/13/0/2/2 
4;8;Jauria;Codicia;4242;13;1;Player;10;0;27;10;0;0;10;19;2;P:CazC=0/1/6/0/0 P:CazV=0/2/4/0/0 P:RecV=13/16/0/0/0 R:RecC=0/0/0/1/10 R:RecC=0/1/0/7/7 R:RecC=1/1/0/2/10 
4;9;Jauria;Escolta;4242;13;16;Rival;9;0;4;5;1;1;5;17;18;P:CazC=0/1/3/0/0 P:CazV=0/1/2/1/0 P:RecV=13/15/0/0/0 R:CazC=4/4/0/1/0 R:CazV=3/4/1/1/0 R:RecC=9/10/0/3/4 
4;10;Jauria;Senuelos;4242;15;9;Player;9;1;11;6;0;0;6;17;10;P:CazC=2/2/2/0/0 P:CazV=0/0/4/0/0 P:RecV=13/15/0/0/1 R:SeñC=0/0/0/0/3 R:SeñV=0/0/0/5/3 R:RecV=9/10/0/1/5 
4;11;Jauria;DobleGuardia;4242;14;13;Player;10;0;2;3;6;6;3;20;17;P:CazC=0/1/2/4/0 P:CazV=1/3/1/2/0 P:RecV=13/16/0/0/0 R:GuaC=0/1/5/1/0 R:GuaV=4/4/1/1/0 R:RecC=9/12/0/1/2 
4;12;Jauria;ContraJauria;4242;11;17;Rival;9;3;1;3;4;4;3;13;17;P:CazC=2/2/1/1/0 P:CazV=4/4/2/1/0 P:RecV=5/7/0/2/3 R:GuaV=4/4/2/2/0 R:CazV=0/0/2/0/0 R:RecV=13/13/0/1/1 
4;13;Jauria;Fortin;4242;4;8;Rival;10;7;4;2;8;8;2;6;12;P:CazC=1/1/1/5/0 P:CazV=0/2/1/0/0 P:RecV=3/3/0/3/7 R:GuaC=0/1/4/1/0 R:CazV=0/0/4/0/0 R:RecC=8/11/0/1/4 
4;14;Jauria;Engano;4242;13;6;Player;10;0;19;8;0;0;8;16;6;P:CazC=0/0/3/0/0 P:CazV=0/0/5/0/0 P:RecV=13/16/0/0/0 R:SeñC=0/0/0/3/4 R:RecC=2/2/0/2/8 R:RecC=4/4/0/3/7 
4;15;Jauria;Rebano;4242;14;13;Player;9;2;10;3;0;0;3;20;15;P:CazC=2/3/2/0/0 P:CazV=3/5/1/0/0 P:RecV=9/12/0/0/2 R:RecC=3/3/0/2/7 R:RecV=10/12/0/1/2 R:SeñV=0/0/0/0/1 
5;0;JauriaCentro;Muralla;4242;14;18;Rival;9;1;3;8;3;3;8;22;21;P:CazC=3/4/4/1/0 P:CazC=2/4/4/1/0 P:RecC=9/14/0/1/1 R:GuaC=0/0/3/0/0 R:RecC=9/11/0/5/2 R:RecC=9/10/0/3/1 
5;1;JauriaCentro;MurallaVetas;4242;17;21;Rival;9;1;3;3;0;0;3;19;22;P:CazC=3/3/0/0/0 P:CazC=2/3/3/0/0 P:RecC=12/13/0/0/1 R:GuaV=2/3/0/1/0 R:RecV=9/9/0/1/1 R:RecV=10/10/0/1/2 
5;2;JauriaCentro;Hormiguero;4242;21;17;Player;9;0;6;1;0;0;1;25;24;P:CazC=4/6/0/0/0 P:CazC=2/4/1/0/0 P:RecC=15/15/0/0/0 R:RecV=7/10/0/0/2 R:RecV=5/7/0/0/2 R:RecV=5/7/0/1/2 
5;3;JauriaCentro;HormigueroSenuelo;4242;15;17;Rival;9;1;8;5;0;0;5;17;17;P:CazC=0/2/1/0/0 P:CazC=0/0/4/0/0 P:RecC=15/15/0/0/1 R:RecV=9/9/0/0/2 R:RecV=8/8/0/1/4 R:SeñC=0/0/0/4/2 
5;4;JauriaCentro;Jauria;4242;12;13;Rival;10;4;2;1;6;6;1;14;16;P:CazC=0/0/1/3/0 P:CazC=2/4/0/2/0 P:RecC=10/10/0/1/4 R:CazC=0/2/4/0/0 R:CazV=3/4/2/1/0 R:RecV=10/10/0/0/2 
5;5;JauriaCentro;JauriaCentro;4242;14;12;Player;9;3;2;4;2;2;4;21;14;P:CazC=2/5/2/1/0 P:CazC=1/2/2/1/0 P:RecC=11/14/0/0/3 R:CazC=0/1/1/3/0 R:CazC=0/1/1/1/0 R:RecC=12/12/0/0/2 
5;6;JauriaCentro;Emboscada;4242;12;4;Player;10;2;6;8;0;0;8;16;12;P:CazC=0/1/5/0/0 P:CazC=0/1/3/0/0 P:RecC=12/14/0/0/2 R:CazV=2/3/0/2/0 R:SeñV=0/2/0/2/1 R:RecC=2/7/0/4/5 
5;7;JauriaCentro;Mixta;4242;4;13;Rival;10;4;0;1;12;12;1;8;17;P:CazC=1/1/1/5/0 P:CazC=1/1/0/3/0 P:RecC=2/6/0/4/4 R:GuaC=0/0/7/0/0 R:CazC=0/1/5/1/0 R:RecV=13/16/0/0/0 
5;8;JauriaCentro;Codicia;4242;14;6;Player;10;0;20;9;0;0;9;24;12;P:CazC=2/4/3/0/0 P:CazC=0/2/6/0/0 P:RecC=12/18/0/0/0 R:RecC=3/5/0/2/7 R:RecC=2/4/0/2/7 R:RecC=1/3/0/5/6 
5;9;JauriaCentro;Escolta;4242;11;8;Player;9;2;3;5;3;3;5;16;14;P:CazC=0/0/1/0/0 P:CazC=2/3/4/0/0 P:RecC=9/13/0/3/2 R:CazC=0/1/2/1/0 R:CazV=5/5/1/0/0 R:RecC=3/8/0/4/3 
5;10;JauriaCentro;Senuelos;4242;19;10;Player;10;0;6;7;0;0;7;20;13;P:CazC=0/0/4/0/0 P:CazC=4/4/3/0/0 P:RecC=15/16/0/0/0 R:SeñC=0/0/0/5/3 R:SeñV=0/2/0/2/1 R:RecV=10/11/0/0/2 
5;11;JauriaCentro;DobleGuardia;4242;10;18;Rival;10;2;1;3;5;5;3;18;20;P:CazC=1/3/1/2/0 P:CazC=1/2/2/2/0 P:RecC=8/13/0/1/2 R:GuaC=0/0/5/0/0 R:GuaV=9/9/0/0/0 R:RecC=9/11/0/3/1 
5;12;JauriaCentro;ContraJauria;4242;18;14;Player;9;1;1;1;6;6;1;24;17;P:CazC=4/4/1/2/0 P:CazC=5/7/0/2/0 P:RecC=9/13/0/2/1 R:GuaV=3/4/2/0/0 R:CazV=0/2/4/1/0 R:RecV=11/11/0/0/1 
5;13;JauriaCentro;Fortin;4242;6;14;Rival;10;5;2;4;8;8;4;10;17;P:CazC=1/2/2/3/0 P:CazC=1/2/2/3/0 P:RecC=4/6/0/2/5 R:GuaC=0/0/5/0/0 R:CazV=2/4/3/2/0 R:RecC=12/13/0/2/2 
5;14;JauriaCentro;Engano;4242;17;5;Player;10;0;15;8;0;0;8;17;10;P:CazC=1/1/3/0/0 P:CazC=1/1/5/0/0 P:RecC=15/15/0/0/0 R:SeñC=0/0/0/2/2 R:RecC=5/5/0/2/7 R:RecC=0/5/0/4/6 
5;15;JauriaCentro;Rebano;4242;13;17;Rival;9;1;10;5;0;0;5;15;19;P:CazC=0/1/2/0/0 P:CazC=0/0/3/0/0 P:RecC=13/14/0/0/1 R:RecC=4/5/0/3/6 R:RecV=13/14/0/0/0 R:SeñV=0/0/0/2/4 
6;0;Emboscada;Muralla;4242;13;19;Rival;9;2;4;2;4;4;2;22;23;P:CazV=4/6/2/1/0 P:SeñV=0/2/0/2/1 P:RecC=9/14/0/1/1 R:GuaC=0/0/4/0/0 R:RecC=9/11/0/2/2 R:RecC=10/12/0/0/2 
6;1;Emboscada;MurallaVetas;4242;15;13;Player;9;1;2;0;6;6;0;17;21;P:CazV=2/4/0/2/0 P:SeñV=0/0/0/4/0 P:RecC=13/13/0/0/1 R:GuaV=0/0/6/0/0 R:RecV=10/11/0/0/1 R:RecV=3/10/0/0/1 
6;2;Emboscada;Hormiguero;4242;23;16;Player;9;0;9;4;0;0;4;24;18;P:CazV=2/3/4/0/0 P:SeñV=6/6/0/0/0 P:RecC=15/15/0/0/0 R:RecV=5/6/0/2/3 R:RecV=5/6/0/1/3 R:RecV=6/6/0/1/3 
6;3;Emboscada;HormigueroSenuelo;4242;17;17;None;9;4;8;4;0;0;4;17;17;P:CazV=0/0/4/0/0 P:SeñV=6/6/0/0/0 P:RecC=11/11/0/0/4 R:RecV=7/7/0/0/4 R:RecV=10/10/0/0/3 R:SeñC=0/0/0/4/1 
6;4;Emboscada;Jauria;4242;11;10;Player;10;4;2;2;4;4;2;18;14;P:CazV=5/7/2/0/0 P:SeñV=0/2/0/1/1 P:RecC=6/9/0/3/3 R:CazC=0/1/3/0/0 R:CazV=2/2/1/1/0 R:RecV=8/11/0/1/2 
6;5;Emboscada;JauriaCentro;4242;5;14;Rival;10;10;2;0;8;8;0;10;15;P:CazV=2/5/0/1/0 P:SeñV=0/2/0/3/4 P:RecC=3/3/0/4/6 R:CazC=2/2/4/0/0 R:CazC=0/0/4/0/0 R:RecC=12/13/0/0/2 
6;6;Emboscada;Emboscada;4242;11;10;Player;9;6;7;2;3;3;2;15;11;P:CazV=0/2/2/0/0 P:SeñV=0/2/0/3/1 P:RecC=11/11/0/0/5 R:CazV=0/1/3/1/0 R:SeñV=2/2/0/1/2 R:RecC=8/8/0/0/5 
6;7;Emboscada;Mixta;4242;2;0;Player;10;8;7;5;3;3;5;3;5;P:CazV=2/2/5/0/0 P:SeñV=0/1/0/0/1 P:RecC=0/0/0/3/7 R:GuaC=0/2/2/0/0 R:CazC=0/1/1/1/0 R:RecV=0/2/0/4/7 
6;8;Emboscada;Codicia;4242;14;23;Rival;9;0;10;1;0;0;1;18;30;P:CazV=0/2/1/0/0 P:SeñV=2/3/0/0/0 P:RecC=12/13/0/0/0 R:RecC=6/9/0/0/4 R:RecC=10/11/0/1/2 R:RecC=7/10/0/0/4 
6;9;Emboscada;Escolta;4242;8;15;Rival;9;2;2;0;4;4;0;17;20;P:CazV=0/4/0/1/0 P:SeñV=2/2/0/0/0 P:RecC=6/11/0/3/2 R:CazC=4/4/2/0/0 R:CazV=2/4/2/0/0 R:RecC=9/12/0/0/2 
6;10;Emboscada;Senuelos;4242;12;5;Player;10;4;9;6;0;0;6;12;7;P:CazV=0/0/6/0/0 P:SeñV=0/0/0/0/0 P:RecC=12/12/0/0/4 R:SeñC=0/1/0/1/2 R:SeñV=2/2/0/2/1 R:RecV=3/4/0/3/6 
6;11;Emboscada;DobleGuardia;4242;8;11;Rival;10;3;3;0;7;7;0;14;16;P:CazV=1/2/0/3/0 P:SeñV=0/0/0/2/1 P:RecC=7/12/0/2/2 R:GuaC=0/0/6/0/0 R:GuaV=2/4/1/0/0 R:RecC=9/12/0/0/3 
6;12;Emboscada;ContraJauria;4242;11;15;Rival;10;1;0;0;8;8;0;19;18;P:CazV=2/4/0/2/0 P:SeñV=0/0/0/4/1 P:RecC=9/15/0/2/0 R:GuaV=0/1/5/0/0 R:CazV=2/2/3/0/0 R:RecV=13/15/0/0/0 
6;13;Emboscada;Fortin;4242;9;14;Rival;9;4;1;1;6;6;1;16;17;P:CazV=2/4/1/2/0 P:SeñV=0/3/0/2/0 P:RecC=7/9/0/2/4 R:GuaC=0/0/5/0/0 R:CazV=2/3/1/0/0 R:RecC=12/14/0/1/1 
6;14;Emboscada;Engano;4242;14;13;Player;9;3;10;3;0;0;3;17;19;P:CazV=3/3/3/0/0 P:SeñV=2/2/0/0/0 P:RecC=9/12/0/0/3 R:SeñC=0/0/0/1/1 R:RecC=8/10/0/0/5 R:RecC=5/9/0/2/4 
6;15;Emboscada;Rebano;4242;14;17;Rival;9;1;11;3;0;0;3;18;19;P:CazV=0/1/3/0/0 P:SeñV=0/0/0/0/0 P:RecC=14/17/0/0/1 R:RecC=12/12/0/0/4 R:RecV=3/4/0/3/7 R:SeñV=2/3/0/0/0 
7;0;Mixta;Muralla;4242;17;13;Player;10;0;5;7;2;2;7;18;20;P:GuaC=0/0/5/2/0 P:CazC=4/4/2/0/0 P:RecV=13/14/0/0/0 R:GuaC=0/0/2/1/0 R:RecC=6/9/0/4/2 R:RecC=7/11/0/2/3 
7;1;Mixta;MurallaVetas;4242;17;23;Rival;10;2;2;3;3;3;3;20;23;P:GuaC=4/5/2/1/0 P:CazC=3/3/1/0/0 P:RecV=10/12/0/2/2 R:GuaV=2/2/3/3/0 R:RecV=9/9/0/0/1 R:RecV=12/12/0/0/1 
7;2;Mixta;Hormiguero;4242;16;15;Player;9;0;6;4;0;0;4;16;22;P:GuaC=2/2/1/0/0 P:CazC=2/2/3/0/0 P:RecV=12/12/0/0/0 R:RecV=7/9/0/1/2 R:RecV=2/6/0/1/2 R:RecV=6/7/0/2/2 
7;3;Mixta;HormigueroSenuelo;4242;15;17;Rival;10;0;5;7;0;0;7;19;20;P:GuaC=0/1/6/0/0 P:CazC=2/2/1/0/0 P:RecV=13/16/0/0/0 R:RecV=6/8/0/1/2 R:RecV=9/10/0/1/1 R:SeñC=2/2/0/5/2 
7;4;Mixta;Jauria;4242;15;11;Player;10;0;1;9;2;2;9;19;13;P:GuaC=0/0/6/1/0 P:CazC=2/3/3/1/0 P:RecV=13/16/0/0/0 R:CazC=0/0/1/4/0 R:CazV=1/2/1/4/0 R:RecV=10/11/0/1/1 
7;5;Mixta;JauriaCentro;4242;11;8;Player;10;1;4;8;4;4;8;12;15;P:GuaC=0/0/8/0/0 P:CazC=0/0/0/3/0 P:RecV=11/12/0/1/1 R:CazC=0/2/1/3/0 R:CazC=4/4/3/1/0 R:RecC=4/9/0/4/4 
7;6;Mixta;Emboscada;4242;3;3;None;10;7;7;8;4;4;8;3;6;P:GuaC=0/0/5/0/0 P:CazC=2/2/3/0/0 P:RecV=1/1/0/4/7 R:CazV=0/1/4/0/0 R:SeñV=0/0/0/4/0 R:RecC=3/5/0/4/7 
7;7;Mixta;Mixta;4242;14;13;Player;10;0;1;7;5;5;7;18;15;P:GuaC=0/0/6/2/0 P:CazC=1/2/1/3/0 P:RecV=13/16/0/0/0 R:GuaC=0/0/4/4/0 R:CazC=0/2/1/3/0 R:RecV=13/13/0/0/1 
7;8;Mixta;Codicia;4242;13;1;Player;10;0;30;9;0;0;9;17;2;P:GuaC=0/0/5/0/0 P:CazC=0/1/4/0/0 P:RecV=13/16/0/0/0 R:RecC=0/0/0/2/11 R:RecC=0/1/0/4/9 R:RecC=1/1/0/3/10 
7;9;Mixta;Escolta;4242;16;13;Player;9;0;4;5;2;2;5;18;21;P:GuaC=0/0/5/0/0 P:CazC=3/5/0/2/0 P:RecV=13/13/0/0/0 R:CazC=2/2/1/2/0 R:CazV=8/9/1/0/0 R:RecC=3/10/0/3/4 
7;10;Mixta;Senuelos;4242;13;10;Player;10;1;7;8;0;0;8;13;10;P:GuaC=0/0/4/0/0 P:CazC=0/0/4/0/0 P:RecV=13/13/0/0/1 R:SeñC=0/0/0/4/4 R:SeñV=0/0/0/3/1 R:RecV=10/10/0/1/2 
7;11;Mixta;DobleGuardia;4242;13;7;Player;10;0;4;8;7;7;8;16;9;P:GuaC=0/0/5/5/0 P:CazC=0/0/3/2/0 P:RecV=13/16/0/0/0 R:GuaC=0/0/6/3/0 R:GuaV=3/5/1/1/0 R:RecC=4/4/0/4/4 
7;12;Mixta;ContraJauria;4242;16;17;Rival;9;2;2;3;2;2;3;19;17;P:GuaC=2/3/2/1/0 P:CazC=6/6/1/0/0 P:RecV=8/10/0/1/2 R:GuaV=3/3/0/2/0 R:CazV=2/2/2/1/0 R:RecV=12/12/0/0/2 
7;13;Mixta;Fortin;4242;15;13;Player;10;1;3;7;7;7;7;15;17;P:GuaC=0/0/5/4/0 P:CazC=3/3/2/3/0 P:RecV=12/12/0/0/1 R:GuaC=0/0/6/4/0 R:CazV=4/5/1/1/0 R:RecC=9/12/0/2/3 
7;14;Mixta;Engano;4242;14;3;Player;10;0;18;11;0;0;11;18;5;P:GuaC=0/0/7/0/0 P:CazC=1/2/4/0/0 P:RecV=13/16/0/0/0 R:SeñC=0/0/0/7/1 R:RecC=1/2/0/2/9 R:RecC=2/3/0/2/8 
7;15;Mixta;Rebano;4242;16;16;None;9;1;11;6;0;0;6;16;18;P:GuaC=0/0/4/0/0 P:CazC=2/2/2/0/0 P:RecV=14/14/0/0/1 R:RecC=4/4/0/0/8 R:RecV=12/14/0/0/1 R:SeñV=0/0/0/6/2 
8;0;Codicia;Muralla;4242;15;25;Rival;9;12;0;0;2;2;0;24;30;P:RecC=4/7/0/1/5 P:RecC=5/8/0/1/4 P:RecC=6/9/0/0/3 R:GuaC=0/0/2/0/0 R:RecC=12/15/0/0/0 R:RecC=13/15/0/0/0 
8;1;Codicia;MurallaVetas;4242;33;23;Player;9;6;0;0;1;1;0;35;24;P:RecC=9/11/0/1/3 P:RecC=12/12/0/0/2 P:RecC=12/12/0/0/1 R:GuaV=2/2/1/0/0 R:RecV=9/10/0/0/0 R:RecV=12/12/0/0/0 
8;2;Codicia;Hormiguero;4242;36;24;Player;9;0;0;0;0;0;0;40;24;P:RecC=12/14/0/0/0 P:RecC=12/13/0/0/0 P:RecC=12/13/0/0/0 R:RecV=10/10/0/0/0 R:RecV=7/7/0/0/0 R:RecV=7/7/0/0/0 
8;3;Codicia;HormigueroSenuelo;4242;15;23;Rival;9;17;0;0;0;0;0;15;24;P:RecC=7/7/0/0/5 P:RecC=2/2/0/0/7 P:RecC=6/6/0/0/5 R:RecV=11/11/0/0/0 R:RecV=12/12/0/0/0 R:SeñC=0/1/0/0/0 
8;4;Codicia;Jauria;4242;18;13;Player;9;20;0;0;5;5;0;18;16;P:RecC=5/5/0/3/7 P:RecC=5/5/0/1/7 P:RecC=8/8/0/1/6 R:CazC=0/0/3/0/0 R:CazV=0/0/2/0/0 R:RecV=13/16/0/0/0 
8;5;Codicia;JauriaCentro;4242;6;17;Rival;10;25;0;0;6;6;0;8;22;P:RecC=2/4/0/2/8 P:RecC=2/2/0/2/8 P:RecC=2/2/0/2/9 R:CazC=0/0/2/0/0 R:CazC=2/4/4/0/0 R:RecC=15/18/0/0/0 
8;6;Codicia;Emboscada;4242;25;13;Player;9;15;0;0;2;2;0;27;19;P:RecC=8/9/0/1/5 P:RecC=10/10/0/0/5 P:RecC=7/8/0/1/5 R:CazV=0/2/2/0/0 R:SeñV=1/3/0/0/0 R:RecC=12/14/0/0/0 
8;7;Codicia;Mixta;4242;4;13;Rival;10;25;0;0;8;8;0;6;18;P:RecC=2/3/0/4/5 P:RecC=1/1/0/1/11 P:RecC=1/2/0/3/9 R:GuaC=0/0/4/0/0 R:CazC=0/2/4/0/0 R:RecV=13/16/0/0/0 
8;8;Codicia;Codicia;4242;34;32;Player;9;0;0;0;0;0;0;37;34;P:RecC=12/12/0/0/0 P:RecC=10/13/0/0/0 P:RecC=12/12/0/0/0 R:RecC=9/11/0/0/0 R:RecC=11/11/0/0/0 R:RecC=12/12/0/0/0 
8;9;Codicia;Escolta;4242;6;17;Rival;9;21;0;0;7;7;0;8;19;P:RecC=1/2/0/2/8 P:RecC=1/2/0/2/6 P:RecC=4/4/0/3/7 R:CazC=0/2/4/0/0 R:CazV=2/2/3/0/0 R:RecC=15/15/0/0/0 
8;10;Codicia;Senuelos;4242;30;17;Player;9;12;0;0;0;0;0;30;18;P:RecC=10/10/0/0/4 P:RecC=12/12/0/0/2 P:RecC=8/8/0/0/6 R:SeñC=2/2/0/0/0 R:SeñV=2/2/0/0/0 R:RecV=13/14/0/0/0 
8;11;Codicia;DobleGuardia;4242;24;21;Player;9;11;0;0;1;1;0;26;23;P:RecC=5/7/0/0/6 P:RecC=8/8/0/1/3 P:RecC=11/11/0/0/2 R:GuaC=0/0/1/0/0 R:GuaV=9/9/0/0/0 R:RecC=12/14/0/0/0 
8;12;Codicia;ContraJauria;4242;27;15;Player;9;9;0;0;0;0;0;29;19;P:RecC=9/9/0/0/4 P:RecC=8/9/0/0/3 P:RecC=10/11/0/0/2 R:GuaV=2/4/0/0/0 R:CazV=2/2/0/0/0 R:RecV=11/13/0/0/0 
8;13;Codicia;Fortin;4242;15;17;Rival;9;16;0;0;4;4;0;22;19;P:RecC=5/12/0/2/3 P:RecC=3/3/0/1/7 P:RecC=7/7/0/1/6 R:GuaC=0/0/2/0/0 R:CazV=2/4/2/0/0 R:RecC=15/15/0/0/0 
8;14;Codicia;Engano;4242;26;26;None;9;8;0;0;0;0;0;29;29;P:RecC=11/13/0/0/1 P:RecC=8/8/0/0/3 P:RecC=7/8/0/0/4 R:SeñC=2/3/0/0/0 R:RecC=12/14/0/0/0 R:RecC=12/12/0/0/0 
8;15;Codicia;Rebano;4242;28;27;Player;9;6;0;0;0;0;0;34;30;P:RecC=10/13/0/0/2 P:RecC=9/9/0/0/2 P:RecC=9/12/0/0/2 R:RecC=12/15/0/0/0 R:RecV=13/13/0/0/0 R:SeñV=2/2/0/0/0 
9;0;Escolta;Muralla;4242;9;20;Rival;10;5;5;5;5;5;5;16;21;P:CazC=3/4/3/2/0 P:CazV=2/4/2/0/0 P:RecC=4/8/0/3/5 R:GuaC=0/0/5/0/0 R:RecC=9/10/0/3/2 R:RecC=11/11/0/2/3 
9;1;Escolta;MurallaVetas;4242;21;14;Player;10;0;5;5;2;2;5;23;16;P:CazC=6/6/1/0/0 P:CazV=0/2/4/2/0 P:RecC=15/15/0/0/0 R:GuaV=0/0/2/3/0 R:RecV=8/8/0/0/2 R:RecV=6/8/0/2/3 
9;2;Escolta;Hormiguero;4242;23;19;Player;9;0;7;2;0;0;2;23;23;P:CazC=4/4/0/0/0 P:CazV=4/4/2/0/0 P:RecC=15/15/0/0/0 R:RecV=7/7/0/0/4 R:RecV=6/10/0/1/1 R:RecV=6/6/0/1/2 
9;3;Escolta;HormigueroSenuelo;4242;21;15;Player;9;1;6;3;0;0;3;21;21;P:CazC=0/0/2/0/0 P:CazV=6/6/1/0/0 P:RecC=15/15/0/0/1 R:RecV=6/9/0/0/2 R:RecV=9/12/0/1/1 R:SeñC=0/0/0/2/3 
9;4;Escolta;Jauria;4242;7;2;Player;10;5;8;6;6;6;6;11;5;P:CazC=1/3/2/4/0 P:CazV=0/2/4/0/0 P:RecC=6/6/0/2/5 R:CazC=0/1/4/2/0 R:CazV=2/2/2/0/0 R:RecV=0/2/0/4/8 
9;5;Escolta;JauriaCentro;4242;11;10;Player;10;3;3;5;5;5;5;13;16;P:CazC=0/0/3/3/0 P:CazV=0/2/2/2/0 P:RecC=11/11/0/0/3 R:CazC=2/3/2/1/0 R:CazC=2/3/3/2/0 R:RecC=6/10/0/2/3 
9;6;Escolta;Emboscada;4242;10;3;Player;10;4;6;7;2;2;7;16;14;P:CazC=2/2/4/0/0 P:CazV=0/2/3/1/0 P:RecC=8/12/0/1/4 R:CazV=0/3/2/1/0 R:SeñV=2/6/0/2/1 R:RecC=1/5/0/4/5 
9;7;Escolta;Mixta;4242;5;16;Rival;10;6;0;2;9;9;2;10;20;P:CazC=0/1/0/5/0 P:CazV=5/7/2/1/0 P:RecC=0/2/0/3/6 R:GuaC=0/0/7/0/0 R:CazC=6/6/2/0/0 R:RecV=10/14/0/2/0 
9;8;Escolta;Codicia;4242;20;10;Player;10;0;21;6;0;0;6;22;18;P:CazC=2/4/1/0/0 P:CazV=3/3/5/0/0 P:RecC=15/15/0/0/0 R:RecC=3/4/0/3/7 R:RecC=3/7/0/1/7 R:RecC=4/7/0/2/7 
9;9;Escolta;Escolta;4242;6;14;Rival;10;3;5;3;5;5;3;12;14;P:CazC=0/0/2/1/0 P:CazV=0/3/1/2/0 P:RecC=6/9/0/2/3 R:CazC=1/1/3/2/0 R:CazV=4/4/2/0/0 R:RecC=9/9/0/1/5 
9;10;Escolta;Senuelos;4242;19;11;Player;9;1;4;4;0;0;4;20;13;P:CazC=0/0/3/0/0 P:CazV=6/6/1/0/0 P:RecC=13/14/0/0/1 R:SeñC=0/0/0/3/1 R:SeñV=0/0/0/0/2 R:RecV=11/13/0/1/1 
9;11;Escolta;DobleGuardia;4242;18;14;Player;10;0;1;3;4;4;3;21;17;P:CazC=3/5/2/1/0 P:CazV=0/1/1/3/0 P:RecC=15/15/0/0/0 R:GuaC=0/0/2/0/0 R:GuaV=2/3/2/1/0 R:RecC=12/14/0/2/1 
9;12;Escolta;ContraJauria;4242;16;12;Player;10;4;0;3;5;5;3;18;18;P:CazC=0/0/2/3/0 P:CazV=7/7/1/1/0 P:RecC=9/11/0/1/4 R:GuaV=0/1/2/2/0 R:CazV=0/3/3/1/0 R:RecV=12/14/0/0/0 
9;13;Escolta;Fortin;4242;11;14;Rival;10;5;2;4;3;3;4;18;17;P:CazC=3/3/3/0/0 P:CazV=4/4/1/0/0 P:RecC=4/11/0/3/5 R:GuaC=0/0/3/0/0 R:CazV=2/4/0/1/0 R:RecC=12/13/0/3/2 
9;14;Escolta;Engano;4242;17;14;Player;9;0;11;2;0;0;2;18;19;P:CazC=0/1/1/0/0 P:CazV=2/2/1/0/0 P:RecC=15/15/0/0/0 R:SeñC=0/0/0/0/3 R:RecC=6/10/0/2/3 R:RecC=8/9/0/0/5 
9;15;Escolta;Rebano;4242;11;10;Player;10;1;11;7;0;0;7;19;16;P:CazC=0/2/4/0/0 P:CazV=0/2/3/0/0 P:RecC=11/15/0/0/1 R:RecC=4/7/0/3/6 R:RecV=2/5/0/3/5 R:SeñV=4/4/0/1/0 
10;0;Senuelos;Muralla;4242;13;19;Rival;10;0;4;0;8;8;0;17;20;P:SeñC=0/0/0/4/0 P:SeñV=0/2/0/4/0 P:RecV=13/15/0/0/0 R:GuaC=0/0/8/0/0 R:RecC=9/10/0/0/2 R:RecC=10/10/0/0/2 
10;1;Senuelos;MurallaVetas;4242;16;20;Rival;9;1;1;0;4;4;0;17;22;P:SeñC=4/4/0/1/0 P:SeñV=3/3/0/2/0 P:RecV=9/10/0/1/1 R:GuaV=3/3/4/0/0 R:RecV=6/8/0/0/1 R:RecV=11/11/0/0/0 
10;2;Senuelos;Hormiguero;4242;19;20;Rival;9;0;2;0;0;0;0;23;20;P:SeñC=4/6/0/0/0 P:SeñV=4/6/0/0/0 P:RecV=11/11/0/0/0 R:RecV=6/6/0/0/1 R:RecV=8/8/0/0/0 R:RecV=6/6/0/0/1 
10;3;Senuelos;HormigueroSenuelo;4242;17;17;None;9;1;1;0;0;0;0;20;17;P:SeñC=0/0/0/0/0 P:SeñV=6/6/0/0/0 P:RecV=11/14/0/0/1 R:RecV=8/8/0/0/0 R:RecV=9/9/0/0/0 R:SeñC=0/0/0/0/1 
10;4;Senuelos;Jauria;4242;13;12;Player;10;7;1;0;7;7;0;14;14;P:SeñC=0/0/0/3/3 P:SeñV=0/0/0/4/3 P:RecV=13/14/0/0/1 R:CazC=0/0/4/0/0 R:CazV=0/1/3/0/0 R:RecV=12/13/0/0/1 
10;5;Senuelos;JauriaCentro;4242;10;15;Rival;9;4;1;0;3;3;0;12;18;P:SeñC=0/0/0/2/2 P:SeñV=0/2/0/1/0 P:RecV=10/10/0/0/2 R:CazC=0/1/2/0/0 R:CazC=0/2/1/0/0 R:RecC=15/15/0/0/1 
10;6;Senuelos;Emboscada;4242;10;11;Rival;9;9;4;0;3;3;0;10;14;P:SeñC=0/0/0/2/2 P:SeñV=2/2/0/0/1 P:RecV=8/8/0/1/6 R:CazV=0/0/3/0/0 R:SeñV=4/4/0/0/0 R:RecC=7/10/0/0/4 
10;7;Senuelos;Mixta;4242;13;11;Player;10;1;5;0;6;6;0;16;11;P:SeñC=0/0/0/6/1 P:SeñV=0/0/0/0/0 P:RecV=13/16/0/0/0 R:GuaC=0/0/5/0/0 R:CazC=4/4/1/0/0 R:RecV=7/7/0/0/5 
10;8;Senuelos;Codicia;4242;17;19;Rival;9;0;17;0;0;0;0;20;19;P:SeñC=0/0/0/0/0 P:SeñV=4/4/0/0/0 P:RecV=13/16/0/0/0 R:RecC=7/7/0/0/5 R:RecC=5/5/0/0/6 R:RecC=7/7/0/0/6 
10;9;Senuelos;Escolta;4242;10;15;Rival;9;4;3;0;5;5;0;15;19;P:SeñC=1/1/0/3/2 P:SeñV=0/3/0/1/0 P:RecV=9/11/0/1/2 R:CazC=2/2/2/0/0 R:CazV=4/5/3/0/0 R:RecC=9/12/0/0/3 
10;10;Senuelos;Senuelos;4242;14;15;Rival;9;4;2;0;0;0;0;17;18;P:SeñC=2/2/0/0/0 P:SeñV=5/5/0/0/0 P:RecV=7/10/0/0/4 R:SeñC=2/2/0/0/1 R:SeñV=0/0/0/0/1 R:RecV=13/16/0/0/0 
10;11;Senuelos;DobleGuardia;4242;13;13;None;10;4;2;0;8;8;0;15;14;P:SeñC=0/0/0/4/3 P:SeñV=0/0/0/4/1 P:RecV=13/15/0/0/0 R:GuaC=0/0/4/0/0 R:GuaV=0/1/4/0/0 R:RecC=13/13/0/0/2 
10;12;Senuelos;ContraJauria;4242;5;12;Rival;10;7;1;0;8;8;0;13;14;P:SeñC=0/1/0/2/2 P:SeñV=0/4/0/4/0 P:RecV=5/8/0/2/5 R:GuaV=0/1/6/0/0 R:CazV=0/1/2/0/0 R:RecV=12/12/0/0/1 
10;13;Senuelos;Fortin;4242;12;17;Rival;9;3;1;0;4;4;0;14;19;P:SeñC=0/0/0/3/2 P:SeñV=2/2/0/1/0 P:RecV=10/12/0/0/1 R:GuaC=0/1/3/0/0 R:CazV=4/5/1/0/0 R:RecC=13/13/0/0/1 
10;14;Senuelos;Engano;4242;17;5;Player;9;0;18;0;0;0;0;20;8;P:SeñC=0/0/0/0/0 P:SeñV=4/4/0/0/0 P:RecV=13/16/0/0/0 R:SeñC=0/1/0/0/2 R:RecC=1/2/0/0/8 R:RecC=4/5/0/0/8 
10;15;Senuelos;Rebano;4242;15;19;Rival;9;0;8;0;0;0;0;19;22;P:SeñC=2/3/0/0/0 P:SeñV=0/2/0/0/0 P:RecV=13/14/0/0/0 R:RecC=9/9/0/0/4 R:RecV=5/8/0/0/3 R:SeñV=5/5/0/0/1 
11;0;DobleGuardia;Muralla;4242;16;16;None;10;3;4;3;6;6;3;17;22;P:GuaC=0/0/3/5/0 P:GuaV=7/7/0/0/0 P:RecC=9/10/0/1/3 R:GuaC=0/0/6/1/0 R:RecC=9/12/0/2/2 R:RecC=7/10/0/0/2 
11;1;DobleGuardia;MurallaVetas;4242;16;17;Rival;9;2;2;4;3;3;4;19;23;P:GuaC=2/2/3/2/0 P:GuaV=5/5/1/1/0 P:RecC=9/12/0/0/2 R:GuaV=2/2/3/2/0 R:RecV=6/8/0/1/1 R:RecV=9/13/0/1/1 
11;2;DobleGuardia;Hormiguero;4242;19;24;Rival;9;0;5;1;0;0;1;23;24;P:GuaC=2/3/0/0/0 P:GuaV=5/6/1/0/0 P:RecC=12/14/0/0/0 R:RecV=6/6/0/1/2 R:RecV=9/9/0/0/1 R:RecV=9/9/0/0/2 
11;3;DobleGuardia;HormigueroSenuelo;4242;20;21;Rival;9;1;1;5;0;0;5;23;22;P:GuaC=0/0/5/0/0 P:GuaV=7/9/0/0/0 P:RecC=13/14/0/0/1 R:RecV=12/12/0/0/0 R:RecV=9/10/0/0/0 R:SeñC=0/0/0/5/1 
11;4;DobleGuardia;Jauria;4242;6;14;Rival;10;2;0;7;5;5;7;10;15;P:GuaC=0/0/4/0/0 P:GuaV=0/0/3/2/0 P:RecC=6/10/0/3/2 R:CazC=1/1/1/4/0 R:CazV=0/0/4/3/0 R:RecV=13/14/0/0/0 
11;5;DobleGuardia;JauriaCentro;4242;16;9;Player;10;1;2;9;1;1;9;18;17;P:GuaC=0/0/9/0/0 P:GuaV=7/7/0/0/0 P:RecC=9/11/0/1/1 R:CazC=3/3/0/3/0 R:CazC=3/4/1/1/0 R:RecC=3/10/0/5/2 
11;6;DobleGuardia;Emboscada;4242;14;6;Player;10;2;6;7;1;1;7;14;7;P:GuaC=0/0/4/0/0 P:GuaV=2/2/3/0/0 P:RecC=12/12/0/1/2 R:CazV=1/1/1/4/0 R:SeñV=0/0/0/1/2 R:RecC=5/6/0/2/4 
11;7;DobleGuardia;Mixta;4242;18;15;Player;9;4;0;4;4;4;4;18;16;P:GuaC=0/0/4/3/0 P:GuaV=9/9/0/0/0 P:RecC=9/9/0/1/4 R:GuaC=0/0/3/2/0 R:CazC=2/3/1/2/0 R:RecV=13/13/0/0/0 
11;8;DobleGuardia;Codicia;4242;19;21;Rival;9;0;15;4;0;0;4;19;22;P:GuaC=0/0/3/0/0 P:GuaV=4/4/1/0/0 P:RecC=15/15/0/0/0 R:RecC=6/6/0/0/6 R:RecC=6/7/0/2/4 R:RecC=9/9/0/2/5 
11;9;DobleGuardia;Escolta;4242;9;6;Player;10;4;4;9;1;1;9;12;12;P:GuaC=0/0/6/0/0 P:GuaV=0/0/3/0/0 P:RecC=9/12/0/1/4 R:CazC=2/4/0/3/0 R:CazV=0/2/1/4/0 R:RecC=4/6/0/2/4 
11;10;DobleGuardia;Senuelos;4242;12;13;Rival;9;2;2;5;0;0;5;17;13;P:GuaC=0/0/3/0/0 P:GuaV=2/4/2/0/0 P:RecC=10/13/0/0/2 R:SeñC=0/0/0/3/2 R:SeñV=0/0/0/2/0 R:RecV=13/13/0/0/0 
11;11;DobleGuardia;DobleGuardia;4242;21;13;Player;10;2;3;4;3;3;4;21;16;P:GuaC=0/0/4/3/0 P:GuaV=9/9/0/0/0 P:RecC=12/12/0/0/2 R:GuaC=0/0/3/2/0 R:GuaV=7/7/0/0/0 R:RecC=6/9/0/2/3 
11;12;DobleGuardia;ContraJauria;4242;14;16;Rival;10;2;0;4;1;1;4;17;19;P:GuaC=0/0/1/1/0 P:GuaV=2/2/3/0/0 P:RecC=12/15/0/0/2 R:GuaV=3/4/0/1/0 R:CazV=0/1/1/3/0 R:RecV=13/14/0/0/0 
11;13;DobleGuardia;Fortin;4242;2;12;Rival;10;5;2;7;10;10;7;8;18;P:GuaC=0/0/5/4/0 P:GuaV=2/2/2/2/0 P:RecC=0/6/0/4/5 R:GuaC=0/0/7/3/0 R:CazV=3/5/3/2/0 R:RecC=9/13/0/2/2 
11;14;DobleGuardia;Engano;4242;22;9;Player;9;0;14;5;0;0;5;25;13;P:GuaC=0/0/5/0/0 P:GuaV=7/9/0/0/0 P:RecC=15/16/0/0/0 R:SeñC=0/0/0/4/1 R:RecC=3/7/0/1/6 R:RecC=6/6/0/0/7 
11;15;DobleGuardia;Rebano;4242;19;16;Player;9;0;8;3;0;0;3;19;16;P:GuaC=0/0/2/0/0 P:GuaV=4/4/1/0/0 P:RecC=15/15/0/0/0 R:RecC=3/3/0/2/6 R:RecV=13/13/0/0/0 R:SeñV=0/0/0/1/2 
12;0;ContraJauria;Muralla;4242;20;23;Rival;9;0;4;0;1;1;0;21;29;P:GuaV=6/6/0/0/0 P:CazV=2/2/0/1/0 P:RecV=12/13/0/0/0 R:GuaC=0/2/1/0/0 R:RecC=12/14/0/0/1 R:RecC=11/13/0/0/3 
12;1;ContraJauria;MurallaVetas;4242;17;18;Rival;9;0;1;0;1;1;0;17;18;P:GuaV=6/6/0/0/0 P:CazV=2/2/0/1/0 P:RecV=9/9/0/0/0 R:GuaV=3/3/1/0/0 R:RecV=6/6/0/0/1 R:RecV=9/9/0/0/0 
12;2;ContraJauria;Hormiguero;4242;20;4;Player;10;0;22;5;0;0;5;20;8;P:GuaV=8/8/1/0/0 P:CazV=0/0/4/0/0 P:RecV=12/12/0/0/0 R:RecV=2/3/0/1/8 R:RecV=0/3/0/4/6 R:RecV=2/2/0/0/8 
12;3;ContraJauria;HormigueroSenuelo;4242;17;19;Rival;9;1;2;2;0;0;2;18;22;P:GuaV=8/8/0/0/0 P:CazV=0/0/2/0/0 P:RecV=9/10/0/0/1 R:RecV=5/6/0/1/2 R:RecV=12/12/0/0/0 R:SeñC=2/4/0/1/0 
12;4;ContraJauria;Jauria;4242;14;10;Player;10;2;5;2;4;4;2;18;14;P:GuaV=4/6/0/2/0 P:CazV=0/1/2/1/0 P:RecV=10/11/0/1/2 R:CazC=4/5/2/0/0 R:CazV=3/5/2/1/0 R:RecV=3/4/0/1/5 
12;5;ContraJauria;JauriaCentro;4242;21;13;Player;10;0;2;5;1;1;5;22;18;P:GuaV=6/6/2/0/0 P:CazV=3/4/3/1/0 P:RecV=12/12/0/0/0 R:CazC=2/2/0/2/0 R:CazC=2/2/1/2/0 R:RecC=9/14/0/1/2 
12;6;ContraJauria;Emboscada;4242;14;13;Player;10;1;2;5;2;2;5;18;19;P:GuaV=2/2/3/0/0 P:CazV=2/4/2/2/0 P:RecV=10/12/0/0/1 R:CazV=4/4/2/2/0 R:SeñV=0/2/0/2/1 R:RecC=9/13/0/1/1 
12;7;ContraJauria;Mixta;4242;17;12;Player;10;1;2;4;3;3;4;20;16;P:GuaV=4/4/2/0/0 P:CazV=2/4/2/3/0 P:RecV=11/12/0/0/1 R:GuaC=0/0/2/1/0 R:CazC=5/6/1/2/0 R:RecV=7/10/0/1/2 
12;8;ContraJauria;Codicia;4242;18;13;Player;10;0;19;6;0;0;6;19;16;P:GuaV=4/4/1/0/0 P:CazV=2/3/5/0/0 P:RecV=12/12/0/0/0 R:RecC=3/5/0/2/7 R:RecC=3/4/0/3/6 R:RecC=7/7/0/1/6 
12;9;ContraJauria;Escolta;4242;15;20;Rival;9;0;1;4;1;1;4;17;26;P:GuaV=2/2/1/1/0 P:CazV=0/2/3/0/0 P:RecV=13/13/0/0/0 R:CazC=4/5/0/2/0 R:CazV=4/6/1/1/0 R:RecC=12/15/0/1/1 
12;10;ContraJauria;Senuelos;4242;17;9;Player;10;1;9;5;0;0;5;19;11;P:GuaV=6/6/1/0/0 P:CazV=0/1/4/0/0 P:RecV=11/12/0/0/1 R:SeñC=1/1/0/2/2 R:SeñV=0/1/0/2/2 R:RecV=8/9/0/1/5 
12;11;ContraJauria;DobleGuardia;4242;17;9;Player;10;0;2;2;5;5;2;17;14;P:GuaV=6/6/1/1/0 P:CazV=0/0/1/4/0 P:RecV=11/11/0/0/0 R:GuaC=0/0/1/0/0 R:GuaV=0/1/4/1/0 R:RecC=9/13/0/1/2 
12;12;ContraJauria;ContraJauria;4242;17;17;None;9;0;1;2;2;2;2;20;17;P:GuaV=4/4/1/0/0 P:CazV=2/2/1/1/0 P:RecV=11/14/0/1/0 R:GuaV=5/5/1/0/0 R:CazV=2/2/1/2/0 R:RecV=10/10/0/0/1 
12;13;ContraJauria;Fortin;4242;14;13;Player;10;0;2;4;3;3;4;16;15;P:GuaV=0/1/3/1/0 P:CazV=2/2/1/2/0 P:RecV=12/13/0/0/0 R:GuaC=2/3/2/0/0 R:CazV=0/1/1/3/0 R:RecC=11/11/0/1/2 
12;14;ContraJauria;Engano;4242;17;19;Rival;9;0;10;3;0;0;3;20;20;P:GuaV=6/8/1/0/0 P:CazV=0/1/2/0/0 P:RecV=11/11/0/0/0 R:SeñC=2/2/0/2/1 R:RecC=8/9/0/1/5 R:RecC=9/9/0/0/4 
12;15;ContraJauria;Rebano;4242;16;21;Rival;9;1;5;4;0;0;4;17;22;P:GuaV=2/2/2/0/0 P:CazV=2/3/2/0/0 P:RecV=12/12/0/0/1 R:RecC=10/11/0/1/2 R:RecV=11/11/0/1/1 R:SeñV=0/0/0/2/2 
13;0;Fortin;Muralla;4242;9;19;Rival;10;4;7;4;6;6;4;13;19;P:GuaC=0/0/3/4/0 P:CazV=3/3/1/0/0 P:RecC=6/10/0/2/4 R:GuaC=0/0/6/3/0 R:RecC=8/8/0/1/4 R:RecC=11/11/0/0/3 
13;1;Fortin;MurallaVetas;4242;21;17;Player;9;0;0;1;1;1;1;23;23;P:GuaC=2/3/1/0/0 P:CazV=4/5/0/1/0 P:RecC=15/15/0/0/0 R:GuaV=2/2/1/1/0 R:RecV=6/9/0/0/0 R:RecV=9/12/0/0/0 
13;2;Fortin;Hormiguero;4242;20;15;Player;9;0;8;1;0;0;1;25;21;P:GuaC=4/6/0/0/0 P:CazV=4/4/1/0/0 P:RecC=12/15/0/0/0 R:RecV=6/6/0/0/2 R:RecV=3/7/0/1/4 R:RecV=6/8/0/0/2 
13;3;Fortin;HormigueroSenuelo;4242;14;13;Player;10;3;6;5;0;0;5;15;20;P:GuaC=0/0/3/0/0 P:CazV=4/4/2/0/0 P:RecC=10/11/0/0/3 R:RecV=5/8/0/0/1 R:RecV=7/11/0/1/3 R:SeñC=1/1/0/4/2 
13;4;Fortin;Jauria;4242;12;13;Rival;10;7;0;5;2;2;5;15;18;P:GuaC=4/4/3/0/0 P:CazV=4/5/2/1/0 P:RecC=4/6/0/1/7 R:CazC=3/3/1/3/0 R:CazV=0/0/1/1/0 R:RecV=10/15/0/1/0 
13;5;Fortin;JauriaCentro;4242;12;11;Player;9;0;3;6;3;3;6;15;22;P:GuaC=0/0/5/0/0 P:CazV=0/2/1/2/0 P:RecC=12/13/0/1/0 R:CazC=3/4/2/2/0 R:CazC=4/6/1/1/0 R:RecC=4/12/0/3/3 
13;6;Fortin;Emboscada;4242;11;5;Player;10;3;8;7;1;1;7;18;12;P:GuaC=0/2/6/0/0 P:CazV=2/4/1/0/0 P:RecC=9/12/0/1/3 R:CazV=2/4/1/0/0 R:SeñV=2/2/0/3/1 R:RecC=1/6/0/4/7 
13;7;Fortin;Mixta;4242;12;7;Player;10;5;2;10;5;5;10;13;11;P:GuaC=0/0/8/3/0 P:CazV=8/8/2/0/0 P:RecC=4/5/0/2/5 R:GuaC=0/0/5/5/0 R:CazC=1/1/0/3/0 R:RecV=6/10/0/2/2 
13;8;Fortin;Codicia;4242;11;9;Player;9;0;18;4;0;0;4;19;13;P:GuaC=0/0/3/0/0 P:CazV=2/4/1/0/0 P:RecC=9/15/0/0/0 R:RecC=5/5/0/0/6 R:RecC=3/4/0/1/7 R:RecC=1/4/0/3/5 
13;9;Fortin;Escolta;4242;13;9;Player;10;1;6;5;2;2;5;15;12;P:GuaC=0/0/4/0/0 P:CazV=1/3/1/1/0 P:RecC=12/12/0/1/1 R:CazC=2/2/2/4/0 R:CazV=2/4/0/0/0 R:RecC=5/6/0/1/6 
13;10;Fortin;Senuelos;4242;16;12;Player;9;2;6;3;0;0;3;16;14;P:GuaC=0/0/1/0/0 P:CazV=5/5/2/0/0 P:RecC=11/11/0/0/2 R:SeñC=0/0/0/2/3 R:SeñV=3/3/0/0/1 R:RecV=9/11/0/1/2 
13;11;Fortin;DobleGuardia;4242;7;10;Rival;10;2;3;6;10;10;6;8;11;P:GuaC=0/0/3/3/0 P:CazV=0/0/3/4/0 P:RecC=7/8/0/3/2 R:GuaC=0/0/6/3/0 R:GuaV=0/0/4/2/0 R:RecC=10/11/0/1/3 
13;12;Fortin;ContraJauria;4242;14;17;Rival;10;1;0;2;5;5;2;16;18;P:GuaC=2/2/2/1/0 P:CazV=2/3/0/3/0 P:RecC=10/11/0/1/1 R:GuaV=4/5/2/1/0 R:CazV=1/1/3/1/0 R:RecV=12/12/0/0/0 
13;13;Fortin;Fortin;4242;9;7;Player;10;5;4;8;5;5;8;12;11;P:GuaC=0/0/7/4/0 P:CazV=4/4/1/0/0 P:RecC=5/8/0/1/5 R:GuaC=0/0/5/5/0 R:CazV=0/4/0/1/0 R:RecC=7/7/0/2/4 
13;14;Fortin;Engano;4242;18;16;Player;10;0;10;5;0;0;5;18;19;P:GuaC=0/0/4/0/0 P:CazV=3/3/1/0/0 P:RecC=15/15/0/0/0 R:SeñC=0/0/0/3/1 R:RecC=8/9/0/1/4 R:RecC=8/10/0/1/5 
13;15;Fortin;Rebano;4242;11;7;Player;10;2;10;4;0;0;4;15;16;P:GuaC=0/0/2/0/0 P:CazV=0/1/2/0/0 P:RecC=11/14/0/0/2 R:RecC=2/7/0/3/3 R:RecV=5/7/0/1/5 R:SeñV=0/2/0/0/2 
14;0;Engano;Muralla;4242;12;27;Rival;9;14;0;0;5;5;0;12;29;P:SeñC=0/0/0/3/4 P:RecC=4/4/0/1/5 P:RecC=8/8/0/1/5 R:GuaC=0/0/5/0/0 R:RecC=12/14/0/0/0 R:RecC=15/15/0/0/0 
14;1;Engano;MurallaVetas;4242;28;20;Player;9;3;0;0;4;4;0;30;25;P:SeñC=4/4/0/2/0 P:RecC=12/14/0/1/1 P:RecC=12/12/0/1/2 R:GuaV=2/4/4/0/0 R:RecV=9/9/0/0/0 R:RecV=9/12/0/0/0 
14;2;Engano;Hormiguero;4242;29;26;Player;9;0;1;0;0;0;0;34;26;P:SeñC=2/4/0/0/0 P:RecC=12/15/0/0/0 P:RecC=15/15/0/0/0 R:RecV=9/9/0/0/0 R:RecV=10/10/0/0/0 R:RecV=7/7/0/0/1 
14;3;Engano;HormigueroSenuelo;4242;12;20;Rival;9;11;0;0;0;0;0;17;23;P:SeñC=0/0/0/0/1 P:RecC=5/7/0/0/6 P:RecC=7/10/0/0/4 R:RecV=8/11/0/0/0 R:RecV=12/12/0/0/0 R:SeñC=0/0/0/0/0 
14;4;Engano;Jauria;4242;10;17;Rival;10;12;0;0;6;6;0;17;23;P:SeñC=0/0/0/3/3 P:RecC=6/9/0/2/3 P:RecC=4/8/0/1/6 R:CazC=2/4/2/0/0 R:CazV=2/4/4/0/0 R:RecV=13/15/0/0/0 
14;5;Engano;JauriaCentro;4242;1;18;Rival;9;18;0;0;7;7;0;4;19;P:SeñC=0/0/0/2/3 P:RecC=1/1/0/3/8 P:RecC=0/3/0/2/7 R:CazC=0/0/4/0/0 R:CazC=3/4/3/0/0 R:RecC=15/15/0/0/0 
14;6;Engano;Emboscada;4242;14;13;Player;9;10;3;0;1;1;0;20;16;P:SeñC=0/1/0/0/1 P:RecC=6/9/0/0/5 P:RecC=8/10/0/1/4 R:CazV=2/2/1/0/0 R:SeñV=2/2/0/0/0 R:RecC=9/12/0/0/3 
14;7;Engano;Mixta;4242;3;14;Rival;10;19;0;0;6;6;0;4;17;P:SeñC=0/0/0/3/4 P:RecC=1/1/0/1/9 P:RecC=2/3/0/2/6 R:GuaC=0/0/2/0/0 R:CazC=1/1/4/0/0 R:RecV=13/16/0/0/0 
14;8;Engano;Codicia;4242;30;30;None;9;0;5;0;0;0;0;30;34;P:SeñC=4/4/0/0/0 P:RecC=14/14/0/0/0 P:RecC=12/12/0/0/0 R:RecC=8/11/0/0/2 R:RecC=9/9/0/0/2 R:RecC=13/14/0/0/1 
14;9;Engano;Escolta;4242;11;17;Rival;9;14;0;0;4;4;0;14;17;P:SeñC=0/0/0/0/4 P:RecC=5/7/0/3/5 P:RecC=6/7/0/1/5 R:CazC=0/0/4/0/0 R:CazV=2/2/0/0/0 R:RecC=15/15/0/0/0 
14;10;Engano;Senuelos;4242;8;15;Rival;9;14;0;0;0;0;0;8;17;P:SeñC=0/0/0/0/0 P:RecC=3/3/0/0/7 P:RecC=5/5/0/0/7 R:SeñC=0/0/0/0/0 R:SeñV=2/2/0/0/0 R:RecV=13/15/0/0/0 
14;11;Engano;DobleGuardia;4242;11;22;Rival;9;12;0;0;3;3;0;14;22;P:SeñC=0/0/0/2/1 P:RecC=6/7/0/0/5 P:RecC=5/7/0/1/6 R:GuaC=0/0/3/0/0 R:GuaV=7/7/0/0/0 R:RecC=15/15/0/0/0 
14;12;Engano;ContraJauria;4242;19;16;Player;9;11;1;0;1;1;0;19;16;P:SeñC=1/1/0/1/2 P:RecC=9/9/0/0/4 P:RecC=9/9/0/0/5 R:GuaV=3/3/1/0/0 R:CazV=0/0/0/0/0 R:RecV=13/13/0/0/1 
14;13;Engano;Fortin;4242;7;15;Rival;10;17;0;0;8;8;0;10;17;P:SeñC=0/0/0/3/1 P:RecC=5/5/0/1/9 P:RecC=2/5/0/4/7 R:GuaC=0/0/3/0/0 R:CazV=0/2/5/0/0 R:RecC=15/15/0/0/0 
14;14;Engano;Engano;4242;26;22;Player;9;2;5;0;0;0;0;26;25;P:SeñC=0/0/0/0/0 P:RecC=12/12/0/0/1 P:RecC=14/14/0/0/1 R:SeñC=0/2/0/0/1 R:RecC=12/12/0/0/1 R:RecC=10/11/0/0/3 
14;15;Engano;Rebano;4242;19;23;Rival;9;4;3;0;0;0;0;26;29;P:SeñC=0/1/0/0/0 P:RecC=8/11/0/0/3 P:RecC=11/14/0/0/1 R:RecC=11/12/0/0/3 R:RecV=10/13/0/0/0 R:SeñV=2/4/0/0/0 
15;0;Rebano;Muralla;4242;19;24;Rival;10;6;2;0;3;3;0;20;26;P:RecC=4/5/0/2/5 P:RecV=13/13/0/0/0 P:SeñV=2/2/0/1/1 R:GuaC=0/0/3/0/0 R:RecC=12/13/0/0/1 R:RecC=12/13/0/0/1 
15;1;Rebano;MurallaVetas;4242;22;14;Player;9;2;7;0;2;2;0;25;16;P:RecC=9/12/0/0/2 P:RecV=13/13/0/0/0 P:SeñV=0/0/0/2/0 R:GuaV=0/1/2/0/0 R:RecV=7/8/0/0/3 R:RecV=7/7/0/0/4 
15;2;Rebano;Hormiguero;4242;30;23;Player;9;0;2;0;0;0;0;30;23;P:RecC=15/15/0/0/0 P:RecV=11/11/0/0/0 P:SeñV=4/4/0/0/0 R:RecV=9/9/0/0/1 R:RecV=7/7/0/0/0 R:RecV=7/7/0/0/1 
15;3;Rebano;HormigueroSenuelo;4242;18;17;Player;9;6;7;0;0;0;0;21;17;P:RecC=8/11/0/0/4 P:RecV=10/10/0/0/2 P:SeñV=0/0/0/0/0 R:RecV=7/7/0/0/4 R:RecV=10/10/0/0/2 R:SeñC=0/0/0/0/1 
15;4;Rebano;Jauria;4242;6;14;Rival;10;9;0;0;7;7;0;13;16;P:RecC=4/5/0/3/4 P:RecV=2/8/0/2/5 P:SeñV=0/0/0/2/0 R:CazC=1/1/3/0/0 R:CazV=0/2/4/0/0 R:RecV=13/13/0/0/0 
15;5;Rebano;JauriaCentro;4242;18;12;Player;10;3;1;0;6;6;0;21;15;P:RecC=3/6/0/4/3 P:RecV=13/13/0/0/0 P:SeñV=2/2/0/2/0 R:CazC=2/2/3/0/0 R:CazC=0/0/3/0/0 R:RecC=10/13/0/0/1 
15;6;Rebano;Emboscada;4242;12;9;Player;9;12;2;0;4;4;0;19;14;P:RecC=9/13/0/1/4 P:RecV=3/4/0/3/6 P:SeñV=0/2/0/0/2 R:CazV=0/2/4/0/0 R:SeñV=0/0/0/0/0 R:RecC=9/12/0/0/2 
15;7;Rebano;Mixta;4242;12;13;Rival;10;12;0;0;6;6;0;12;13;P:RecC=0/0/0/3/7 P:RecV=10/10/0/1/3 P:SeñV=2/2/0/2/2 R:GuaC=0/0/3/0/0 R:CazC=0/0/3/0/0 R:RecV=13/13/0/0/0 
15;8;Rebano;Codicia;4242;27;25;Player;9;0;6;0;0;0;0;28;32;P:RecC=12/13/0/0/0 P:RecV=13/13/0/0/0 P:SeñV=2/2/0/0/0 R:RecC=7/9/0/0/4 R:RecC=9/12/0/0/1 R:RecC=9/11/0/0/1 
15;9;Rebano;Escolta;4242;17;17;None;10;3;0;0;5;5;0;19;20;P:RecC=7/8/0/3/2 P:RecV=10/11/0/1/0 P:SeñV=0/0/0/1/1 R:CazC=0/0/4/0/0 R:CazV=5/5/1/0/0 R:RecC=12/15/0/0/0 
15;10;Rebano;Senuelos;4242;18;9;Player;9;6;7;0;0;0;0;19;9;P:RecC=5/5/0/0/6 P:RecV=13/14/0/0/0 P:SeñV=0/0/0/0/0 R:SeñC=2/2/0/0/0 R:SeñV=2/2/0/0/1 R:RecV=5/5/0/0/6 
15;11;Rebano;DobleGuardia;4242;10;14;Rival;10;9;1;0;8;8;0;13;18;P:RecC=0/0/0/5/7 P:RecV=10/13/0/0/0 P:SeñV=0/0/0/3/2 R:GuaC=0/2/5/0/0 R:GuaV=2/2/3/0/0 R:RecC=12/14/0/0/1 
15;12;Rebano;ContraJauria;4242;11;12;Rival;10;9;3;0;5;5;0;17;15;P:RecC=5/8/0/1/6 P:RecV=6/9/0/1/3 P:SeñV=0/0/0/3/0 R:GuaV=0/0/3/0/0 R:CazV=5/5/2/0/0 R:RecV=7/10/0/0/3 
15;13;Rebano;Fortin;4242;8;16;Rival;10;8;0;0;5;5;0;17;21;P:RecC=4/6/0/1/5 P:RecV=4/9/0/2/2 P:SeñV=0/2/0/2/1 R:GuaC=0/1/3/0/0 R:CazV=4/5/2/0/0 R:RecC=12/15/0/0/0 
15;14;Rebano;Engano;4242;16;28;Rival;9;4;0;0;0;0;0;23;32;P:RecC=6/8/0/0/4 P:RecV=10/13/0/0/0 P:SeñV=0/2/0/0/0 R:SeñC=4/4/0/0/0 R:RecC=12/14/0/0/0 R:RecC=12/14/0/0/0 
15;15;Rebano;Rebano;4242;17;20;Rival;9;6;3;0;0;0;0;19;23;P:RecC=12/12/0/0/2 P:RecV=5/6/0/0/4 P:SeñV=0/1/0/0/0 R:RecC=12/12/0/0/1 R:RecV=8/10/0/0/2 R:SeñV=0/1/0/0/0 
0;0;Muralla;Muralla;4246;20;16;Player;10;5;4;4;3;3;4;20;18;P:GuaC=0/0/4/3/0 P:RecC=10/10/0/0/2 P:RecC=10/10/0/0/3 R:GuaC=0/0/3/3/0 R:RecC=7/9/0/1/2 R:RecC=9/9/0/0/2 
0;1;Muralla;MurallaVetas;4246;30;21;Player;9;0;0;0;0;0;0;34;24;P:GuaC=6/7/0/0/0 P:RecC=12/15/0/0/0 P:RecC=12/12/0/0/0 R:GuaV=5/6/0/0/0 R:RecV=10/10/0/0/0 R:RecV=6/8/0/0/0 
0;2;Muralla;Hormiguero;4246;32;24;Player;9;0;0;0;0;0;0;38;24;P:GuaC=8/8/0/0/0 P:RecC=12/15/0/0/0 P:RecC=12/15/0/0/0 R:RecV=9/9/0/0/0 R:RecV=7/7/0/0/0 R:RecV=8/8/0/0/0 
0;3;Muralla;HormigueroSenuelo;4246;17;19;Rival;9;5;2;5;0;0;5;17;23;P:GuaC=0/0/5/0/0 P:RecC=10/10/0/0/2 P:RecC=7/7/0/0/3 R:RecV=10/11/0/0/0 R:RecV=9/12/0/0/0 R:SeñC=0/0/0/5/2 
0;4;Muralla;Jauria;4246;11;16;Rival;10;10;0;3;3;3;3;15;19;P:GuaC=0/1/3/1/0 P:RecC=4/7/0/1/6 P:RecC=7/7/0/1/4 R:CazC=0/1/2/3/0 R:CazV=2/4/1/0/0 R:RecV=14/14/0/0/0 
0;5;Muralla;JauriaCentro;4246;19;10;Player;10;4;2;5;4;4;5;20;17;P:GuaC=0/0/5/0/0 P:RecC=7/7/0/3/3 P:RecC=12/13/0/1/1 R:CazC=2/2/3/2/0 R:CazC=1/2/1/1/0 R:RecC=7/13/0/2/2 
0;6;Muralla;Emboscada;4246;21;4;Player;10;2;5;5;1;1;5;28;10;P:GuaC=0/0/5/0/0 P:RecC=9/14/0/1/1 P:RecC=12/14/0/0/1 R:CazV=2/2/1/1/0 R:SeñV=2/4/0/0/0 R:RecC=0/4/0/4/5 
0;7;Muralla;Mixta;4246;6;16;Rival;10;12;0;3;10;10;3;9;17;P:GuaC=0/0/3/5/0 P:RecC=2/4/0/3/6 P:RecC=4/5/0/2/6 R:GuaC=0/0/8/2/0 R:CazC=2/3/2/1/0 R:RecV=14/14/0/0/0 
0;8;Muralla;Codicia;4246;27;12;Player;9;0;19;4;0;0;4;28;13;P:GuaC=0/0/4/0/0 P:RecC=15/15/0/0/0 P:RecC=12/13/0/0/0 R:RecC=6/7/0/1/7 R:RecC=5/5/0/1/6 R:RecC=1/1/0/2/6 
0;9;Muralla;Escolta;4246;27;6;Player;10;0;4;7;1;1;7;27;11;P:GuaC=0/0/7/0/0 P:RecC=12/12/0/1/0 P:RecC=15/15/0/0/0 R:CazC=1/1/1/3/0 R:CazV=4/5/0/0/0 R:RecC=1/5/0/4/4 
0;10;Muralla;Senuelos;4246;19;16;Player;9;7;1;4;0;0;4;19;16;P:GuaC=0/0/4/0/0 P:RecC=9/9/0/0/4 P:RecC=10/10/0/0/3 R:SeñC=0/0/0/4/1 R:SeñV=2/2/0/0/0 R:RecV=14/14/0/0/0 
0;11;Muralla;DobleGuardia;4246;18;8;Player;10;4;2;6;4;4;6;22;20;P:GuaC=0/0/6/1/0 P:RecC=9/11/0/2/1 P:RecC=9/11/0/1/3 R:GuaC=0/0/4/2/0 R:GuaV=8/9/0/0/0 R:RecC=0/11/0/4/2 
0;12;Muralla;ContraJauria;4246;28;20;Player;9;4;0;0;0;0;0;30;23;P:GuaC=6/6/0/0/0 P:RecC=11/11/0/0/3 P:RecC=11/13/0/0/1 R:GuaV=6/7/0/0/0 R:CazV=2/4/0/0/0 R:RecV=12/12/0/0/0 
0;13;Muralla;Fortin;4246;17;13;Player;10;7;2;3;3;3;3;22;15;P:GuaC=0/0/3/2/0 P:RecC=6/10/0/1/4 P:RecC=11/12/0/0/3 R:GuaC=0/0/3/2/0 R:CazV=4/4/0/0/0 R:RecC=9/11/0/1/2 
0;14;Muralla;Engano;4246;27;11;Player;9;0;11;7;0;0;7;28;12;P:GuaC=0/0/7/0/0 P:RecC=15/15/0/0/0 P:RecC=12/13/0/0/0 R:SeñC=0/0/0/6/0 R:RecC=5/6/0/1/5 R:RecC=6/6/0/0/6 
0;15;Muralla;Rebano;4246;19;16;Player;10;3;6;4;0;0;4;23;22;P:GuaC=0/0/4/0/0 P:RecC=12/15/0/0/0 P:RecC=7/8/0/0/3 R:RecC=3/7/0/2/5 R:RecV=11/13/0/0/1 R:SeñV=2/2/0/2/0 
1;0;MurallaVetas;Muralla;4246;21;30;Rival;9;0;0;0;0;0;0;29;37;P:GuaV=5/7/0/0/0 P:RecV=9/12/0/0/0 P:RecV=7/10/0/0/0 R:GuaC=6/7/0/0/0 R:RecC=12/15/0/0/0 R:RecC=12/15/0/0/0 
1;1;MurallaVetas;MurallaVetas;4246;18;18;None;9;4;5;2;3;3;2;19;20;P:GuaV=3/3/2/0/0 P:RecV=9/9/0/1/1 P:RecV=6/7/0/2/3 R:GuaV=3/4/3/0/0 R:RecV=9/9/0/0/2 R:RecV=6/7/0/2/3 
1;2;MurallaVetas;Hormiguero;4246;22;18;Player;9;0;0;1;0;0;1;24;20;P:GuaV=5/5/1/0/0 P:RecV=10/10/0/0/0 P:RecV=7/9/0/0/0 R:RecV=3/5/0/1/0 R:RecV=9/9/0/0/0 R:RecV=6/6/0/0/0 
1;3;MurallaVetas;HormigueroSenuelo;4246;22;23;Rival;9;0;2;0;0;0;0;25;25;P:GuaV=4/4/0/0/0 P:RecV=9/10/0/0/0 P:RecV=9/11/0/0/0 R:RecV=9/10/0/0/0 R:RecV=6/7/0/0/2 R:SeñC=8/8/0/0/0 
1;4;MurallaVetas;Jauria;4246;16;20;Rival;9;1;0;1;2;2;1;19;23;P:GuaV=0/0/1/1/0 P:RecV=5/8/0/1/1 P:RecV=11/11/0/0/0 R:CazC=6/7/0/0/0 R:CazV=2/4/2/1/0 R:RecV=12/12/0/0/0 
1;5;MurallaVetas;JauriaCentro;4246;19;22;Rival;9;1;0;0;0;0;0;22;26;P:GuaV=5/7/0/0/0 P:RecV=10/11/0/0/0 P:RecV=4/4/0/0/1 R:CazC=6/6/0/0/0 R:CazC=4/5/0/0/0 R:RecC=12/15/0/0/0 
1;6;MurallaVetas;Emboscada;4246;18;19;Rival;9;2;0;3;1;1;3;20;21;P:GuaV=0/1/3/0/0 P:RecV=7/8/0/1/1 P:RecV=11/11/0/0/1 R:CazV=4/6/1/0/0 R:SeñV=0/0/0/3/0 R:RecC=15/15/0/0/0 
1;7;MurallaVetas;Mixta;4246;22;24;Rival;9;0;1;1;0;0;1;25;24;P:GuaV=5/6/1/0/0 P:RecV=9/9/0/0/0 P:RecV=8/10/0/0/0 R:GuaC=6/6/0/0/0 R:CazC=6/6/0/0/0 R:RecV=12/12/0/1/1 
1;8;MurallaVetas;Codicia;4246;24;38;Rival;9;0;0;0;0;0;0;27;40;P:GuaV=6/8/0/0/0 P:RecV=9/10/0/0/0 P:RecV=9/9/0/0/0 R:RecC=12/14/0/0/0 R:RecC=12/12/0/0/0 R:RecC=14/14/0/0/0 
1;9;MurallaVetas;Escolta;4246;19;21;Rival;9;2;1;3;1;1;3;19;25;P:GuaV=0/0/3/1/0 P:RecV=9/9/0/0/1 P:RecV=10/10/0/0/1 R:CazC=7/7/0/0/0 R:CazV=2/4/1/3/0 R:RecC=12/14/0/0/1 
1;10;MurallaVetas;Senuelos;4246;21;8;Player;9;1;7;3;0;0;3;21;12;P:GuaV=0/0/3/0/0 P:RecV=10/10/0/0/1 P:RecV=11/11/0/0/0 R:SeñC=2/4/0/0/1 R:SeñV=0/0/0/2/2 R:RecV=6/8/0/1/4 
1;11;MurallaVetas;DobleGuardia;4246;22;27;Rival;9;1;0;0;1;1;0;23;27;P:GuaV=7/7/0/0/0 P:RecV=9/9/0/0/1 P:RecV=6/7/0/1/0 R:GuaC=6/6/0/0/0 R:GuaV=6/6/1/0/0 R:RecC=15/15/0/0/0 
1;12;MurallaVetas;ContraJauria;4246;20;18;Player;9;5;1;2;2;2;2;21;21;P:GuaV=4/4/2/1/0 P:RecV=8/9/0/0/2 P:RecV=8/8/0/1/3 R:GuaV=6/8/1/2/0 R:CazV=4/4/1/0/0 R:RecV=8/9/0/0/1 
1;13;MurallaVetas;Fortin;4246;22;24;Rival;9;0;1;3;0;0;3;24;24;P:GuaV=2/3/3/0/0 P:RecV=10/11/0/0/0 P:RecV=10/10/0/0/0 R:GuaC=4/4/0/3/0 R:CazV=8/8/0/0/0 R:RecC=12/12/0/0/1 
1;14;MurallaVetas;Engano;4246;25;30;Rival;9;0;0;0;0;0;0;26;32;P:GuaV=7/7/0/0/0 P:RecV=9/9/0/0/0 P:RecV=9/10/0/0/0 R:SeñC=6/7/0/0/0 R:RecC=12/12/0/0/0 R:RecC=12/13/0/0/0 
1;15;MurallaVetas;Rebano;4246;19;26;Rival;9;1;0;2;0;0;2;22;30;P:GuaV=2/2/2/0/0 P:RecV=9/10/0/0/1 P:RecV=8/10/0/0/0 R:RecC=12/15/0/0/0 R:RecV=12/13/0/0/0 R:SeñV=2/2/0/2/0 
2;0;Hormiguero;Muralla;4246;20;28;Rival;9;0;0;0;0;0;0;28;33;P:RecV=6/9/0/0/0 P:RecV=7/10/0/0/0 P:RecV=7/9/0/0/0 R:GuaC=4/4/0/0/0 R:RecC=12/14/0/0/0 R:RecC=12/15/0/0/0 
2;1;Hormiguero;MurallaVetas;4246;21;21;None;9;0;0;0;0;0;0;21;21;P:RecV=7/7/0/0/0 P:RecV=8/8/0/0/0 P:RecV=6/6/0/0/0 R:GuaV=5/5/0/0/0 R:RecV=8/8/0/0/0 R:RecV=8/8/0/0/0 
2;2;Hormiguero;Hormiguero;4246;23;19;Player;9;0;0;0;0;0;0;25;19;P:RecV=9/9/0/0/0 P:RecV=8/10/0/0/0 P:RecV=6/6/0/0/0 R:RecV=6/6/0/0/0 R:RecV=6/6/0/0/0 R:RecV=7/7/0/0/0 
2;3;Hormiguero;HormigueroSenuelo;4246;24;24;None;9;0;0;0;0;0;0;24;25;P:RecV=7/7/0/0/0 P:RecV=8/8/0/0/0 P:RecV=9/9/0/0/0 R:RecV=8/8/0/0/0 R:RecV=10/10/0/0/0 R:SeñC=6/7/0/0/0 
2;4;Hormiguero;Jauria;4246;19;20;Rival;9;5;0;0;2;2;0;20;22;P:RecV=7/7/0/1/1 P:RecV=5/6/0/1/2 P:RecV=7/7/0/0/2 R:CazC=4/4/1/0/0 R:CazV=4/4/1/0/0 R:RecV=12/14/0/0/0 
2;5;Hormiguero;JauriaCentro;4246;21;22;Rival;9;2;0;0;1;1;0;22;26;P:RecV=6/6/0/1/0 P:RecV=5/6/0/0/2 P:RecV=10/10/0/0/0 R:CazC=4/6/1/0/0 R:CazC=6/6/0/0/0 R:RecC=12/14/0/0/0 
2;6;Hormiguero;Emboscada;4246;26;22;Player;9;2;0;0;0;0;0;26;26;P:RecV=9/9/0/0/0 P:RecV=8/8/0/0/1 P:RecV=9/9/0/0/1 R:CazV=4/5/0/0/0 R:SeñV=6/6/0/0/0 R:RecC=12/15/0/0/0 
2;7;Hormiguero;Mixta;4246;24;22;Player;9;5;0;0;2;2;0;24;23;P:RecV=8/8/0/0/2 P:RecV=8/8/0/0/3 P:RecV=8/8/0/2/0 R:GuaC=6/7/0/0/0 R:CazC=4/4/2/0/0 R:RecV=12/12/0/0/0 
2;8;Hormiguero;Codicia;4246;24;36;Rival;9;0;0;0;0;0;0;30;38;P:RecV=9/9/0/0/0 P:RecV=7/10/0/0/0 P:RecV=8/11/0/0/0 R:RecC=12/13/0/0/0 R:RecC=12/13/0/0/0 R:RecC=12/12/0/0/0 
2;9;Hormiguero;Escolta;4246;14;16;Rival;9;13;0;0;3;3;0;17;19;P:RecV=7/7/0/0/3 P:RecV=2/2/0/1/8 P:RecV=5/8/0/2/2 R:CazC=4/4/1/0/0 R:CazV=0/0/2/0/0 R:RecC=12/15/0/0/0 
2;10;Hormiguero;Senuelos;4246;15;23;Rival;9;7;0;0;0;0;0;23;23;P:RecV=2/5/0/0/4 P:RecV=5/7/0/0/2 P:RecV=8/11/0/0/1 R:SeñC=8/8/0/0/0 R:SeñV=2/2/0/0/0 R:RecV=13/13/0/0/0 
2;11;Hormiguero;DobleGuardia;4246;24;24;None;9;1;0;0;0;0;0;25;26;P:RecV=9/9/0/0/0 P:RecV=8/9/0/0/1 P:RecV=7/7/0/0/0 R:GuaC=6/8/0/0/0 R:GuaV=6/6/0/0/0 R:RecC=12/12/0/0/0 
2;12;Hormiguero;ContraJauria;4246;13;16;Rival;9;15;0;0;4;4;0;14;19;P:RecV=3/3/0/2/6 P:RecV=5/6/0/1/5 P:RecV=5/5/0/1/4 R:GuaV=6/6/0/0/0 R:CazV=0/0/4/0/0 R:RecV=10/13/0/0/0 
2;13;Hormiguero;Fortin;4246;18;20;Rival;9;10;0;0;1;1;0;21;23;P:RecV=5/5/0/0/4 P:RecV=8/9/0/0/3 P:RecV=5/7/0/1/3 R:GuaC=6/6/0/0/0 R:CazV=2/2/1/0/0 R:RecC=12/15/0/0/0 
2;14;Hormiguero;Engano;4246;25;28;Rival;9;1;0;0;0;0;0;27;36;P:RecV=9/10/0/0/1 P:RecV=8/9/0/0/0 P:RecV=8/8/0/0/0 R:SeñC=4/6/0/0/0 R:RecC=12/15/0/0/0 R:RecC=12/15/0/0/0 
2;15;Hormiguero;Rebano;4246;23;30;Rival;9;3;0;0;0;0;0;26;31;P:RecV=9/10/0/0/1 P:RecV=8/10/0/0/1 P:RecV=6/6/0/0/1 R:RecC=15/15/0/0/0 R:RecV=11/11/0/0/0 R:SeñV=4/5/0/0/0 
3;0;HormigueroSenuelo;Muralla;4246;19;20;Rival;9;1;2;0;3;3;0;23;26;P:RecV=9/11/0/0/0 P:RecV=10/12/0/0/0 P:SeñC=0/0/0/3/1 R:GuaC=0/0/3/0/0 R:RecC=10/13/0/0/1 R:RecC=10/13/0/0/1 
3;1;HormigueroSenuelo;MurallaVetas;4246;24;24;None;9;1;0;0;1;1;0;24;24;P:RecV=7/7/0/0/1 P:RecV=11/11/0/0/0 P:SeñC=6/6/0/1/0 R:GuaV=4/4/1/0/0 R:RecV=9/9/0/0/0 R:RecV=11/11/0/0/0 
3;2;HormigueroSenuelo;Hormiguero;4246;26;22;Player;9;1;0;0;0;0;0;26;22;P:RecV=11/11/0/0/1 P:RecV=9/9/0/0/0 P:SeñC=6/6/0/0/0 R:RecV=10/10/0/0/0 R:RecV=6/6/0/0/0 R:RecV=6/6/0/0/0 
3;3;HormigueroSenuelo;HormigueroSenuelo;4246;22;22;None;9;1;2;0;0;0;0;23;23;P:RecV=9/10/0/0/0 P:RecV=11/11/0/0/0 P:SeñC=2/2/0/0/1 R:RecV=10/10/0/0/0 R:RecV=10/11/0/0/0 R:SeñC=2/2/0/0/2 
3;4;HormigueroSenuelo;Jauria;4246;16;18;Rival;9;1;0;0;2;2;0;22;21;P:RecV=9/11/0/0/0 P:RecV=7/10/0/0/1 P:SeñC=0/1/0/2/0 R:CazC=2/2/2/0/0 R:CazV=6/8/0/0/0 R:RecV=10/11/0/0/0 
3;5;HormigueroSenuelo;JauriaCentro;4246;17;14;Player;9;5;0;0;3;3;0;20;17;P:RecV=9/9/0/1/2 P:RecV=8/11/0/0/2 P:SeñC=0/0/0/2/1 R:CazC=2/2/1/0/0 R:CazC=0/0/2/0/0 R:RecC=12/15/0/0/0 
3;6;HormigueroSenuelo;Emboscada;4246;21;14;Player;9;2;6;0;1;1;0;22;17;P:RecV=10/10/0/0/1 P:RecV=11/12/0/0/0 P:SeñC=0/0/0/1/1 R:CazV=6/7/1/0/0 R:SeñV=4/6/0/0/0 R:RecC=4/4/0/0/6 
3;7;HormigueroSenuelo;Mixta;4246;19;16;Player;9;0;0;0;5;5;0;23;16;P:RecV=10/11/0/0/0 P:RecV=9/12/0/0/0 P:SeñC=0/0/0/5/0 R:GuaC=0/0/5/0/0 R:CazC=4/4/0/0/0 R:RecV=12/12/0/0/0 
3;8;HormigueroSenuelo;Codicia;4246;21;22;Rival;9;0;12;0;0;0;0;22;24;P:RecV=12/12/0/0/0 P:RecV=9/10/0/0/0 P:SeñC=0/0/0/0/0 R:RecC=8/8/0/0/4 R:RecC=8/8/0/0/3 R:RecC=6/8/0/0/5 
3;9;HormigueroSenuelo;Escolta;4246;15;15;None;10;6;1;0;6;6;0;17;18;P:RecV=6/7/0/2/3 P:RecV=9/10/0/1/1 P:SeñC=0/0/0/3/2 R:CazC=0/0/3/0/0 R:CazV=3/4/3/0/0 R:RecC=12/14/0/0/1 
3;10;HormigueroSenuelo;Senuelos;4246;19;17;Player;9;3;0;0;0;0;0;20;18;P:RecV=10/10/0/0/2 P:RecV=9/9/0/0/1 P:SeñC=0/1/0/0/0 R:SeñC=0/1/0/0/0 R:SeñV=4/4/0/0/0 R:RecV=13/13/0/0/0 
3;11;HormigueroSenuelo;DobleGuardia;4246;19;17;Player;9;1;2;0;4;4;0;21;20;P:RecV=11/11/0/0/0 P:RecV=8/10/0/1/0 P:SeñC=0/0/0/3/1 R:GuaC=0/0/3/0/0 R:GuaV=6/8/1/0/0 R:RecC=11/12/0/0/2 
3;12;HormigueroSenuelo;ContraJauria;4246;18;18;None;9;4;0;0;2;2;0;18;20;P:RecV=9/9/0/0/1 P:RecV=7/7/0/0/2 P:SeñC=2/2/0/2/1 R:GuaV=4/4/1/0/0 R:CazV=4/6/1/0/0 R:RecV=10/10/0/0/0 
3;13;HormigueroSenuelo;Fortin;4246;7;15;Rival;10;10;1;0;5;5;0;13;15;P:RecV=6/7/0/1/4 P:RecV=1/6/0/2/5 P:SeñC=0/0/0/2/1 R:GuaC=0/0/2/0/0 R:CazV=2/2/3/0/0 R:RecC=13/13/0/0/1 
3;14;HormigueroSenuelo;Engano;4246;19;14;Player;9;1;9;0;0;0;0;23;18;P:RecV=9/11/0/0/0 P:RecV=10/12/0/0/0 P:SeñC=0/0/0/0/1 R:SeñC=2/2/0/0/0 R:RecC=6/8/0/0/5 R:RecC=6/8/0/0/4 
3;15;HormigueroSenuelo;Rebano;4246;21;24;Rival;9;1;5;0;0;0;0;25;24;P:RecV=11/13/0/0/0 P:RecV=8/10/0/0/1 P:SeñC=2/2/0/0/0 R:RecC=5/5/0/0/5 R:RecV=12/12/0/0/0 R:SeñV=7/7/0/0/0 
4;0;Jauria;Muralla;4246;14;18;Rival;9;0;4;2;3;3;2;17;21;P:CazC=0/0/1/3/0 P:CazV=2/4/1/0/0 P:RecV=12/13/0/0/0 R:GuaC=0/0/3/0/0 R:RecC=10/10/0/0/2 R:RecC=8/11/0/2/2 
4;1;Jauria;MurallaVetas;4246;20;19;Player;10;0;2;1;4;4;1;22;22;P:CazC=6/6/0/0/0 P:CazV=2/4/1/3/0 P:RecV=12/12/0/1/0 R:GuaV=0/1/4/1/0 R:RecV=9/10/0/0/1 R:RecV=10/11/0/0/1 
4;2;Jauria;Hormiguero;4246;21;15;Player;9;0;8;2;0;0;2;21;20;P:CazC=4/4/1/0/0 P:CazV=5/5/1/0/0 P:RecV=12/12/0/0/0 R:RecV=5/6/0/1/3 R:RecV=6/7/0/0/2 R:RecV=4/7/0/1/3 
4;3;Jauria;HormigueroSenuelo;4246;19;19;None;9;0;2;4;0;0;4;23;20;P:CazC=3/3/3/0/0 P:CazV=6/8/1/0/0 P:RecV=10/12/0/0/0 R:RecV=10/10/0/0/1 R:RecV=9/9/0/0/0 R:SeñC=0/1/0/4/1 
4;4;Jauria;Jauria;4246;4;20;Rival;10;5;0;2;6;6;2;10;22;P:CazC=0/0/1/3/0 P:CazV=2/4/1/1/0 P:RecV=2/6/0/2/5 R:CazC=4/4/3/0/0 R:CazV=2/4/3/2/0 R:RecV=14/14/0/0/0 
4;5;Jauria;JauriaCentro;4246;16;18;Rival;9;0;3;1;2;2;1;18;19;P:CazC=0/0/1/2/0 P:CazV=4/4/0/0/0 P:RecV=12/14/0/0/0 R:CazC=3/3/2/0/0 R:CazC=4/5/0/1/0 R:RecC=11/11/0/0/3 
4;6;Jauria;Emboscada;4246;13;9;Player;9;1;10;4;2;2;4;15;10;P:CazC=0/1/3/0/0 P:CazV=2/2/1/0/0 P:RecV=11/12/0/2/1 R:CazV=3/3/2/1/0 R:SeñV=2/2/0/1/2 R:RecC=4/5/0/2/8 
4;7;Jauria;Mixta;4246;14;4;Player;9;2;6;3;4;4;3;16;7;P:CazC=2/2/1/3/0 P:CazV=0/1/2/0/0 P:RecV=12/13/0/1/2 R:GuaC=0/0/2/0/0 R:CazC=0/2/2/2/0 R:RecV=4/5/0/1/6 
4;8;Jauria;Codicia;4246;16;13;Player;10;0;16;4;0;0;4;20;17;P:CazC=2/4/2/0/0 P:CazV=0/2/2/0/0 P:RecV=14/14/0/0/0 R:RecC=5/6/0/1/7 R:RecC=5/5/0/1/5 R:RecC=3/6/0/2/4 
4;9;Jauria;Escolta;4246;9;10;Rival;10;6;3;3;3;3;3;10;16;P:CazC=1/2/2/3/0 P:CazV=2/2/1/0/0 P:RecV=6/6/0/0/6 R:CazC=0/3/2/2/0 R:CazV=0/0/1/1/0 R:RecC=10/13/0/0/3 
4;10;Jauria;Senuelos;4246;14;8;Player;9;0;8;3;0;0;3;14;12;P:CazC=0/0/1/0/0 P:CazV=0/0/2/0/0 P:RecV=14/14/0/0/0 R:SeñC=0/0/0/3/2 R:SeñV=0/1/0/0/2 R:RecV=8/11/0/0/4 
4;11;Jauria;DobleGuardia;4246;18;11;Player;9;0;1;1;4;4;1;20;14;P:CazC=4/4/0/1/0 P:CazV=0/2/1/3/0 P:RecV=14/14/0/0/0 R:GuaC=0/0/1/0/0 R:GuaV=0/0/3/1/0 R:RecC=11/14/0/0/1 
4;12;Jauria;ContraJauria;4246;16;11;Player;10;1;2;3;4;4;3;18;16;P:CazC=4/4/0/1/0 P:CazV=2/3/3/2/0 P:RecV=10/11/0/1/1 R:GuaV=2/3/2/1/0 R:CazV=1/3/2/1/0 R:RecV=8/10/0/1/2 
4;13;Jauria;Fortin;4246;9;16;Rival;10;1;4;3;5;5;3;14;19;P:CazC=0/1/1/3/0 P:CazV=0/0/2/1/0 P:RecV=9/13/0/1/1 R:GuaC=0/2/3/0/0 R:CazV=7/8/2/2/0 R:RecC=9/9/0/1/4 
4;14;Jauria;Engano;4246;17;1;Player;10;0;16;7;0;0;7;20;5;P:CazC=1/1/6/0/0 P:CazV=2/4/1/0/0 P:RecV=14/15/0/0/0 R:SeñC=0/0/0/2/2 R:RecC=0/4/0/2/7 R:RecC=1/1/0/3/7 
4;15;Jauria;Rebano;4246;14;6;Player;10;0;17;7;0;0;7;15;10;P:CazC=0/1/5/0/0 P:CazV=0/0/2/0/0 P:RecV=14/14/0/0/0 R:RecC=3/4/0/4/6 R:RecV=3/4/0/2/8 R:SeñV=0/2/0/1/3 
5;0;JauriaCentro;Muralla;4246;5;24;Rival;9;4;2;2;7;7;2;10;24;P:CazC=0/2/1/2/0 P:CazC=3/3/1/3/0 P:RecC=2/5/0/2/4 R:GuaC=0/0/7/0/0 R:RecC=12/12/0/1/1 R:RecC=12/12/0/1/1 
5;1;JauriaCentro;MurallaVetas;4246;22;22;None;9;0;1;2;0;0;2;25;24;P:CazC=4/4/2/0/0 P:CazC=6/6/0/0/0 P:RecC=12/15/0/0/0 R:GuaV=4/6/0/2/0 R:RecV=9/9/0/0/1 R:RecV=9/9/0/0/0 
5;2;JauriaCentro;Hormiguero;4246;22;22;None;9;0;2;0;0;0;0;24;24;P:CazC=4/6/0/0/0 P:CazC=6/6/0/0/0 P:RecC=12/12/0/0/0 R:RecV=9/9/0/0/0 R:RecV=6/7/0/0/1 R:RecV=7/8/0/0/1 
5;3;JauriaCentro;HormigueroSenuelo;4246;15;13;Player;9;0;7;4;0;0;4;18;19;P:CazC=1/1/2/0/0 P:CazC=2/2/2/0/0 P:RecC=12/15/0/0/0 R:RecV=6/10/0/1/2 R:RecV=7/9/0/0/3 R:SeñC=0/0/0/3/2 
5;4;JauriaCentro;Jauria;4246;16;14;Player;9;0;0;0;4;4;0;18;16;P:CazC=0/0/0/2/0 P:CazC=4/6/0/1/0 P:RecC=12/12/0/1/0 R:CazC=0/0/3/0/0 R:CazV=2/3/1/0/0 R:RecV=12/13/0/0/0 
5;5;JauriaCentro;JauriaCentro;4246;12;9;Player;9;0;1;2;4;4;2;20;16;P:CazC=3/3/1/0/0 P:CazC=0/2/1/3/0 P:RecC=9/15/0/1/0 R:CazC=1/1/2/0/0 R:CazC=2/2/2/0/0 R:RecC=6/13/0/2/1 
5;6;JauriaCentro;Emboscada;4246;15;7;Player;10;2;8;3;1;1;3;17;11;P:CazC=3/3/1/0/0 P:CazC=0/1/2/1/0 P:RecC=12/13/0/0/2 R:CazV=4/4/1/0/0 R:SeñV=0/2/0/2/2 R:RecC=3/5/0/1/6 
5;7;JauriaCentro;Mixta;4246;2;14;Rival;10;6;0;0;14;14;0;4;15;P:CazC=0/1/0/6/0 P:CazC=2/2/0/4/0 P:RecC=0/1/0/4/6 R:GuaC=0/0/9/0/0 R:CazC=0/0/5/0/0 R:RecV=14/15/0/0/0 
5;8;JauriaCentro;Codicia;4246;15;12;Player;9;0;20;5;0;0;5;16;14;P:CazC=0/1/3/0/0 P:CazC=0/0/2/0/0 P:RecC=15/15/0/0/0 R:RecC=5/6/0/1/7 R:RecC=6/7/0/2/6 R:RecC=1/1/0/2/7 
5;9;JauriaCentro;Escolta;4246;9;15;Rival;10;5;0;1;5;5;1;11;23;P:CazC=0/1/0/3/0 P:CazC=2/3/1/2/0 P:RecC=7/7/0/0/5 R:CazC=1/4/4/1/0 R:CazV=2/4/1/0/0 R:RecC=12/15/0/0/0 
5;10;JauriaCentro;Senuelos;4246;13;12;Player;9;1;5;5;0;0;5;13;13;P:CazC=1/1/3/0/0 P:CazC=0/0/2/0/0 P:RecC=12/12/0/0/1 R:SeñC=0/0/0/4/3 R:SeñV=2/3/0/1/0 R:RecV=10/10/0/0/2 
5;11;JauriaCentro;DobleGuardia;4246;10;13;Rival;10;2;2;5;5;5;5;14;15;P:CazC=0/2/3/2/0 P:CazC=3/4/2/1/0 P:RecC=7/8/0/2/2 R:GuaC=0/0/4/0/0 R:GuaV=4/6/1/1/0 R:RecC=9/9/0/4/2 
5;12;JauriaCentro;ContraJauria;4246;14;18;Rival;9;2;0;1;2;2;1;21;20;P:CazC=2/4/0/1/0 P:CazC=3/5/1/1/0 P:RecC=9/12/0/0/2 R:GuaV=4/5/1/0/0 R:CazV=4/4/1/0/0 R:RecV=10/11/0/1/0 
5;13;JauriaCentro;Fortin;4246;3;14;Rival;9;5;1;2;7;7;2;4;14;P:CazC=0/0/1/0/0 P:CazC=0/0/1/3/0 P:RecC=3/4/0/4/5 R:GuaC=0/0/6/0/0 R:CazV=2/2/1/0/0 R:RecC=12/12/0/2/1 
5;14;JauriaCentro;Engano;4246;13;8;Player;9;0;17;3;0;0;3;16;9;P:CazC=0/0/3/0/0 P:CazC=1/1/0/0/0 P:RecC=12/15/0/0/0 R:SeñC=0/0/0/1/2 R:RecC=2/3/0/2/7 R:RecC=6/6/0/0/8 
5;15;JauriaCentro;Rebano;4246;14;15;Rival;10;1;6;6;0;0;6;16;18;P:CazC=2/2/4/0/0 P:CazC=0/1/2/0/0 P:RecC=12/13/0/0/1 R:RecC=1/4/0/6/5 R:RecV=12/12/0/0/1 R:SeñV=2/2/0/0/0 
6;0;Emboscada;Muralla;4246;7;21;Rival;9;3;2;0;6;6;0;19;23;P:CazV=4/6/0/0/0 P:SeñV=0/2/0/3/0 P:RecC=3/11/0/3/3 R:GuaC=0/0/6/0/0 R:RecC=9/11/0/0/1 R:RecC=12/12/0/0/1 
6;1;Emboscada;MurallaVetas;4246;22;21;Player;9;0;1;2;0;0;2;24;23;P:CazV=6/6/2/0/0 P:SeñV=4/4/0/0/0 P:RecC=12/14/0/0/0 R:GuaV=4/6/0/1/0 R:RecV=9/9/0/1/0 R:RecV=8/8/0/0/1 
6;2;Emboscada;Hormiguero;4246;22;18;Player;9;0;4;1;0;0;1;25;22;P:CazV=6/6/1/0/0 P:SeñV=4/5/0/0/0 P:RecC=12/14/0/0/0 R:RecV=6/8/0/0/2 R:RecV=4/6/0/1/1 R:RecV=8/8/0/0/1 
6;3;Emboscada;HormigueroSenuelo;4246;16;11;Player;9;1;8;2;0;0;2;19;16;P:CazV=4/6/2/0/0 P:SeñV=0/0/0/0/0 P:RecC=12/13/0/0/1 R:RecV=4/6/0/1/4 R:RecV=7/9/0/0/3 R:SeñC=0/1/0/1/1 
6;4;Emboscada;Jauria;4246;4;7;Rival;10;7;8;5;3;3;5;7;9;P:CazV=0/0/5/0/0 P:SeñV=0/2/0/1/0 P:RecC=4/5/0/2/7 R:CazC=0/2/1/0/0 R:CazV=5/5/2/0/0 R:RecV=2/2/0/5/8 
6;5;Emboscada;JauriaCentro;4246;6;10;Rival;9;7;1;2;5;5;2;10;17;P:CazV=3/5/2/0/0 P:SeñV=2/2/0/1/1 P:RecC=1/3/0/4/6 R:CazC=1/1/2/0/0 R:CazC=0/3/3/1/0 R:RecC=9/13/0/1/1 
6;6;Emboscada;Emboscada;4246;13;13;None;10;2;1;2;1;1;2;18;17;P:CazV=4/4/2/0/0 P:SeñV=2/2/0/0/0 P:RecC=7/12/0/1/2 R:CazV=2/2/1/0/0 R:SeñV=2/3/0/1/0 R:RecC=9/12/0/1/1 
6;7;Emboscada;Mixta;4246;5;2;Player;10;9;6;5;4;4;5;6;6;P:CazV=2/2/5/1/0 P:SeñV=0/0/0/2/1 P:RecC=3/4/0/1/8 R:GuaC=0/0/1/0/0 R:CazC=1/3/3/3/0 R:RecV=1/3/0/2/6 
6;8;Emboscada;Codicia;4246;17;20;Rival;9;0;13;2;0;0;2;18;21;P:CazV=0/1/2/0/0 P:SeñV=2/2/0/0/0 P:RecC=15/15/0/0/0 R:RecC=6/6/0/1/4 R:RecC=8/9/0/1/4 R:RecC=6/6/0/0/5 
6;9;Emboscada;Escolta;4246;11;16;Rival;9;4;0;0;4;4;0;14;19;P:CazV=4/4/0/1/0 P:SeñV=4/4/0/0/0 P:RecC=3/6/0/3/4 R:CazC=2/2/2/0/0 R:CazV=2/2/2/0/0 R:RecC=12/15/0/0/0 
6;10;Emboscada;Senuelos;4246;13;5;Player;9;1;8;5;0;0;5;14;7;P:CazV=0/1/5/0/0 P:SeñV=0/0/0/0/0 P:RecC=13/13/0/0/1 R:SeñC=0/0/0/3/1 R:SeñV=2/2/0/1/0 R:RecV=3/5/0/1/7 
6;11;Emboscada;DobleGuardia;4246;8;9;Rival;9;4;2;1;4;4;1;16;12;P:CazV=0/4/1/1/0 P:SeñV=0/0/0/2/2 P:RecC=8/12/0/1/2 R:GuaC=0/0/1/0/0 R:GuaV=0/0/3/0/0 R:RecC=9/12/0/1/2 
6;12;Emboscada;ContraJauria;4246;12;12;None;10;0;4;2;4;4;2;15;13;P:CazV=0/0/2/2/0 P:SeñV=0/0/0/2/0 P:RecC=12/15/0/0/0 R:GuaV=2/2/4/1/0 R:CazV=4/4/0/0/0 R:RecV=6/7/0/1/4 
6;13;Emboscada;Fortin;4246;4;10;Rival;10;3;1;1;6;6;1;11;17;P:CazV=2/2/1/0/0 P:SeñV=0/2/0/4/0 P:RecC=2/7/0/2/3 R:GuaC=0/0/3/0/0 R:CazV=4/4/3/0/0 R:RecC=6/13/0/1/1 
6;14;Emboscada;Engano;4246;14;6;Player;9;1;11;4;0;0;4;21;14;P:CazV=0/2/4/0/0 P:SeñV=2/4/0/0/0 P:RecC=12/15/0/0/1 R:SeñC=0/1/0/2/1 R:RecC=3/7/0/2/5 R:RecC=3/6/0/0/5 
6;15;Emboscada;Rebano;4246;12;10;Player;10;2;9;4;0;0;4;15;15;P:CazV=0/2/4/0/0 P:SeñV=2/2/0/0/0 P:RecC=10/11/0/0/2 R:RecC=8/11/0/1/3 R:RecV=2/4/0/3/6 R:SeñV=0/0/0/0/0 
7;0;Mixta;Muralla;4246;13;18;Rival;10;0;4;4;7;7;4;14;19;P:GuaC=0/0/3/4/0 P:CazC=1/1/1/3/0 P:RecV=12/13/0/0/0 R:GuaC=0/0/7/3/0 R:RecC=9/10/0/1/1 R:RecC=9/9/0/0/3 
7;1;Mixta;MurallaVetas;4246;22;24;Rival;9;0;0;0;0;0;0;24;25;P:GuaC=4/6/0/0/0 P:CazC=6/6/0/0/0 P:RecV=12/12/0/0/0 R:GuaV=6/6/0/0/0 R:RecV=9/10/0/0/0 R:RecV=9/9/0/0/0 
7;2;Mixta;Hormiguero;4246;20;21;Rival;9;0;5;1;0;0;1;23;21;P:GuaC=4/4/0/0/0 P:CazC=4/5/1/0/0 P:RecV=12/14/0/0/0 R:RecV=6/6/0/1/2 R:RecV=6/6/0/0/2 R:RecV=9/9/0/0/1 
7;3;Mixta;HormigueroSenuelo;4246;14;17;Rival;10;0;3;5;0;0;5;16;21;P:GuaC=0/2/4/0/0 P:CazC=2/2/1/0/0 P:RecV=12/12/0/0/0 R:RecV=8/10/0/0/2 R:RecV=9/11/0/1/1 R:SeñC=0/0/0/4/0 
7;4;Mixta;Jauria;4246;14;16;Rival;10;1;0;5;1;1;5;18;18;P:GuaC=0/0/3/0/0 P:CazC=5/5/2/0/0 P:RecV=9/13/0/1/1 R:CazC=0/1/0/5/0 R:CazV=4/5/1/0/0 R:RecV=12/12/0/0/0 
7;5;Mixta;JauriaCentro;4246;14;9;Player;10;0;4;9;2;2;9;14;12;P:GuaC=0/0/9/0/0 P:CazC=0/0/0/2/0 P:RecV=14/14/0/0/0 R:CazC=0/1/1/4/0 R:CazC=3/3/1/3/0 R:RecC=6/8/0/2/4 
7;6;Mixta;Emboscada;4246;12;11;Player;9;1;10;2;1;1;2;13;12;P:GuaC=0/0/0/0/0 P:CazC=2/2/2/0/0 P:RecV=10/11/0/1/1 R:CazV=8/8/1/0/0 R:SeñV=2/3/0/0/1 R:RecC=1/1/0/2/9 
7;7;Mixta;Mixta;4246;14;14;None;9;0;0;4;4;4;4;15;15;P:GuaC=0/0/4/2/0 P:CazC=2/2/0/2/0 P:RecV=12/13/0/0/0 R:GuaC=0/0/2/3/0 R:CazC=2/2/2/1/0 R:RecV=12/13/0/0/0 
7;8;Mixta;Codicia;4246;14;3;Player;10;0;26;7;0;0;7;15;3;P:GuaC=0/0/2/0/0 P:CazC=0/0/5/0/0 P:RecV=14/15/0/0/0 R:RecC=2/2/0/1/8 R:RecC=1/1/0/1/9 R:RecC=0/0/0/5/9 
7;9;Mixta;Escolta;4246;7;10;Rival;10;0;4;9;4;4;9;12;19;P:GuaC=0/0/5/0/0 P:CazC=3/3/4/1/0 P:RecV=4/9/0/3/0 R:CazC=2/4/1/4/0 R:CazV=4/8/3/2/0 R:RecC=4/7/0/3/4 
7;10;Mixta;Senuelos;4246;12;9;Player;10;0;6;7;0;0;7;14;13;P:GuaC=0/0/4/0/0 P:CazC=0/0/3/0/0 P:RecV=12/14/0/0/0 R:SeñC=0/0/0/4/1 R:SeñV=0/2/0/3/3 R:RecV=9/11/0/0/2 
7;11;Mixta;DobleGuardia;4246;16;12;Player;10;0;2;3;4;4;3;17;18;P:GuaC=0/0/2/3/0 P:CazC=2/3/1/1/0 P:RecV=14/14/0/0/0 R:GuaC=0/0/4/2/0 R:GuaV=6/7/0/0/0 R:RecC=6/11/0/1/2 
7;12;Mixta;ContraJauria;4246;17;18;Rival;9;0;0;1;1;1;1;27;22;P:GuaC=4/6/0/0/0 P:CazC=7/9/1/0/0 P:RecV=6/12/0/1/0 R:GuaV=6/8/0/0/0 R:CazV=4/6/1/1/0 R:RecV=8/8/0/0/0 
7;13;Mixta;Fortin;4246;4;6;Rival;10;7;6;6;9;9;6;7;9;P:GuaC=0/0/5/4/0 P:CazC=1/4/1/3/0 P:RecV=3/3/0/2/7 R:GuaC=0/0/7/4/0 R:CazV=0/1/2/0/0 R:RecC=6/8/0/2/6 
7;14;Mixta;Engano;4246;13;9;Player;10;0;12;7;0;0;7;15;11;P:GuaC=0/0/3/0/0 P:CazC=1/1/4/0/0 P:RecV=12/14/0/0/0 R:SeñC=0/0/0/5/1 R:RecC=3/4/0/1/6 R:RecC=6/7/0/1/5 
7;15;Mixta;Rebano;4246;11;14;Rival;9;1;9;4;0;0;4;12;19;P:GuaC=0/0/2/0/0 P:CazC=0/1/2/0/0 P:RecV=11/11/0/0/1 R:RecC=0/1/0/2/9 R:RecV=12/12/0/0/0 R:SeñV=2/6/0/2/0 
8;0;Codicia;Muralla;4246;4;24;Rival;10;22;0;0;3;3;0;11;29;P:RecC=2/5/0/1/7 P:RecC=0/2/0/2/8 P:RecC=2/4/0/0/7 R:GuaC=0/0/3/0/0 R:RecC=12/14/0/0/0 R:RecC=12/15/0/0/0 
8;1;Codicia;MurallaVetas;4246;27;23;Player;9;3;0;0;0;0;0;36;26;P:RecC=9/12/0/0/1 P:RecC=9/12/0/0/1 P:RecC=9/12/0/0/1 R:GuaV=5/7/0/0/0 R:RecV=9/9/0/0/0 R:RecV=9/10/0/0/0 
8;2;Codicia;Hormiguero;4246;36;22;Player;9;0;0;0;0;0;0;38;24;P:RecC=12/13/0/0/0 P:RecC=12/13/0/0/0 P:RecC=12/12/0/0/0 R:RecV=8/8/0/0/0 R:RecV=6/7/0/0/0 R:RecV=8/9/0/0/0 
8;3;Codicia;HormigueroSenuelo;4246;18;19;Rival;9;13;0;0;0;0;0;25;24;P:RecC=5/6/0/0/5 P:RecC=6/9/0/0/4 P:RecC=7/10/0/0/4 R:RecV=9/11/0/0/0 R:RecV=10/12/0/0/0 R:SeñC=0/1/0/0/0 
8;4;Codicia;Jauria;4246;6;12;Rival;9;20;0;0;6;6;0;10;16;P:RecC=3/5/0/2/7 P:RecC=0/1/0/2/7 P:RecC=3/4/0/2/6 R:CazC=0/0/2/0/0 R:CazV=0/2/4/0/0 R:RecV=12/14/0/0/0 
8;5;Codicia;JauriaCentro;4246;14;13;Player;10;13;0;0;7;7;0;15;14;P:RecC=6/6/0/2/4 P:RecC=2/3/0/2/5 P:RecC=6/6/0/3/4 R:CazC=1/1/4/0/0 R:CazC=0/0/3/0/0 R:RecC=12/13/0/0/0 
8;6;Codicia;Emboscada;4246;24;14;Player;9;11;0;0;1;1;0;26;19;P:RecC=8/8/0/0/5 P:RecC=10/10/0/0/3 P:RecC=6/8/0/1/3 R:CazV=2/4/1/0/0 R:SeñV=0/1/0/0/0 R:RecC=12/14/0/0/0 
8;7;Codicia;Mixta;4246;2;14;Rival;10;28;0;0;4;4;0;2;14;P:RecC=1/1/0/2/9 P:RecC=0/0/0/1/9 P:RecC=1/1/0/1/10 R:GuaC=0/0/2/0/0 R:CazC=0/0/2/0/0 R:RecV=14/14/0/0/0 
8;8;Codicia;Codicia;4246;27;30;Rival;9;0;0;0;0;0;0;33;35;P:RecC=9/10/0/0/0 P:RecC=9/11/0/0/0 P:RecC=9/12/0/0/0 R:RecC=12/13/0/0/0 R:RecC=9/11/0/0/0 R:RecC=9/11/0/0/0 
8;9;Codicia;Escolta;4246;14;12;Player;9;19;0;0;2;2;0;17;18;P:RecC=4/4/0/0/7 P:RecC=5/6/0/1/7 P:RecC=5/7/0/1/5 R:CazC=0/2/1/0/0 R:CazV=0/2/1/0/0 R:RecC=12/14/0/0/0 
8;10;Codicia;Senuelos;4246;18;14;Player;9;17;0;0;0;0;0;21;17;P:RecC=8/8/0/0/5 P:RecC=6/6/0/0/6 P:RecC=4/7/0/0/6 R:SeñC=0/1/0/0/0 R:SeñV=2/2/0/0/0 R:RecV=12/14/0/0/0 
8;11;Codicia;DobleGuardia;4246;8;18;Rival;9;22;0;0;3;3;0;9;23;P:RecC=3/3/0/2/6 P:RecC=1/2/0/1/8 P:RecC=4/4/0/0/8 R:GuaC=0/0/3/0/0 R:GuaV=6/8/0/0/0 R:RecC=12/15/0/0/0 
8;12;Codicia;ContraJauria;4246;20;16;Player;9;9;0;0;1;1;0;24;21;P:RecC=6/9/0/1/2 P:RecC=9/9/0/0/2 P:RecC=5/6/0/0/5 R:GuaV=4/5/1/0/0 R:CazV=2/3/0/0/0 R:RecV=10/13/0/0/0 
8;13;Codicia;Fortin;4246;9;12;Rival;10;15;0;0;7;7;0;14;17;P:RecC=5/5/0/1/5 P:RecC=1/3/0/4/4 P:RecC=3/6/0/2/6 R:GuaC=0/0/6/0/0 R:CazV=0/2/1/0/0 R:RecC=12/15/0/0/0 
8;14;Codicia;Engano;4246;25;23;Player;9;7;0;0;0;0;0;28;29;P:RecC=8/10/0/0/3 P:RecC=10/11/0/0/1 P:RecC=7/7/0/0/3 R:SeñC=2/3/0/0/0 R:RecC=12/14/0/0/0 R:RecC=9/12/0/0/0 
8;15;Codicia;Rebano;4246;24;26;Rival;9;6;0;0;0;0;0;27;30;P:RecC=8/11/0/0/2 P:RecC=10/10/0/0/1 P:RecC=6/6/0/0/3 R:RecC=12/13/0/0/0 R:RecV=12/13/0/0/0 R:SeñV=2/4/0/0/0 
9;0;Escolta;Muralla;4246;10;18;Rival;10;4;4;2;5;5;2;15;18;P:CazC=5/7/0/2/0 P:CazV=2/2/2/0/0 P:RecC=3/6/0/3/4 R:GuaC=0/0/5/0/0 R:RecC=6/6/0/2/3 R:RecC=12/12/0/0/1 
9;1;Escolta;MurallaVetas;4246;21;21;None;9;0;2;1;0;0;1;25;21;P:CazC=6/6/0/0/0 P:CazV=6/7/1/0/0 P:RecC=9/12/0/0/0 R:GuaV=4/4/0/1/0 R:RecV=9/9/0/0/1 R:RecV=8/8/0/0/1 
9;2;Escolta;Hormiguero;4246;18;16;Player;9;0;8;1;0;0;1;22;21;P:CazC=4/6/0/0/0 P:CazV=2/4/1/0/0 P:RecC=12/12/0/0/0 R:RecV=1/3/0/1/5 R:RecV=7/10/0/0/2 R:RecV=8/8/0/0/1 
9;3;Escolta;HormigueroSenuelo;4246;14;4;Player;10;1;14;6;0;0;6;17;6;P:CazC=0/1/3/0/0 P:CazV=0/2/3/0/0 P:RecC=14/14/0/0/1 R:RecV=0/2/0/3/7 R:RecV=4/4/0/1/6 R:SeñC=0/0/0/2/1 
9;4;Escolta;Jauria;4246;11;3;Player;10;5;7;2;6;6;2;12;8;P:CazC=0/1/0/4/0 P:CazV=2/2/2/0/0 P:RecC=9/9/0/2/5 R:CazC=1/2/4/0/0 R:CazV=0/2/2/0/0 R:RecV=2/4/0/2/7 
9;5;Escolta;JauriaCentro;4246;9;9;None;9;4;2;4;3;3;4;12;13;P:CazC=0/1/2/2/0 P:CazV=2/4/2/0/0 P:RecC=7/7/0/1/4 R:CazC=0/1/2/1/0 R:CazC=1/1/1/1/0 R:RecC=8/11/0/2/2 
9;6;Escolta;Emboscada;4246;13;9;Player;10;2;3;4;2;2;4;18;15;P:CazC=2/4/3/2/0 P:CazV=2/2/1/0/0 P:RecC=9/12/0/0/2 R:CazV=5/5/2/1/0 R:SeñV=0/2/0/1/0 R:RecC=4/8/0/2/3 
9;7;Escolta;Mixta;4246;5;5;None;10;6;5;3;6;6;3;9;12;P:CazC=2/2/1/3/0 P:CazV=2/4/2/0/0 P:RecC=1/3/0/3/6 R:GuaC=0/0/4/0/0 R:CazC=2/4/2/1/0 R:RecV=3/8/0/2/5 
9;8;Escolta;Codicia;4246;18;13;Player;9;0;19;2;0;0;2;19;14;P:CazC=1/1/1/0/0 P:CazV=2/3/1/0/0 P:RecC=15/15/0/0/0 R:RecC=6/7/0/1/5 R:RecC=3/3/0/0/9 R:RecC=4/4/0/1/5 
9;9;Escolta;Escolta;4246;9;11;Rival;10;2;2;3;3;3;3;12;16;P:CazC=0/0/2/2/0 P:CazV=0/2/1/0/0 P:RecC=9/10/0/1/2 R:CazC=2/3/3/0/0 R:CazV=1/3/0/2/0 R:RecC=8/10/0/1/2 
9;10;Escolta;Senuelos;4246;11;7;Player;9;3;10;3;0;0;3;11;10;P:CazC=0/0/2/0/0 P:CazV=0/0/1/0/0 P:RecC=11/11/0/0/3 R:SeñC=0/0/0/1/4 R:SeñV=4/4/0/1/1 R:RecV=3/6/0/1/5 
9;11;Escolta;DobleGuardia;4246;7;12;Rival;10;5;0;1;7;7;1;9;17;P:CazC=2/2/0/3/0 P:CazV=2/2/1/2/0 P:RecC=3/5/0/2/5 R:GuaC=0/0/5/0/0 R:GuaV=0/2/2/1/0 R:RecC=12/15/0/0/0 
9;12;Escolta;ContraJauria;4246;13;8;Player;9;3;3;3;3;3;3;17;14;P:CazC=4/6/1/1/0 P:CazV=0/1/2/2/0 P:RecC=9/10/0/0/3 R:GuaV=3/3/2/1/0 R:CazV=0/3/1/2/0 R:RecV=5/8/0/0/3 
9;13;Escolta;Fortin;4246;9;11;Rival;10;2;0;1;4;4;1;18;16;P:CazC=2/3/0/1/0 P:CazV=4/4/1/0/0 P:RecC=3/11/0/3/2 R:GuaC=0/0/3/0/0 R:CazV=2/2/1/0/0 R:RecC=9/14/0/1/0 
9;14;Escolta;Engano;4246;13;5;Player;10;0;11;6;0;0;6;20;11;P:CazC=1/3/4/0/0 P:CazV=0/2/2/0/0 P:RecC=12/15/0/0/0 R:SeñC=0/0/0/2/1 R:RecC=0/3/0/4/6 R:RecC=5/8/0/0/4 
9;15;Escolta;Rebano;4246;15;11;Player;10;0;8;4;0;0;4;18;17;P:CazC=1/1/2/0/0 P:CazV=2/2/2/0/0 P:RecC=12/15/0/0/0 R:RecC=5/6/0/2/4 R:RecV=6/9/0/1/3 R:SeñV=0/2/0/1/1 
10;0;Senuelos;Muralla;4246;14;20;Rival;9;1;3;0;2;2;0;17;25;P:SeñC=0/0/0/1/1 P:SeñV=2/4/0/1/0 P:RecV=12/13/0/0/0 R:GuaC=0/0/2/0/0 R:RecC=9/11/0/0/2 R:RecC=11/14/0/0/1 
10;1;Senuelos;MurallaVetas;4246;18;20;Rival;9;1;1;0;2;2;0;18;21;P:SeñC=6/6/0/0/0 P:SeñV=0/0/0/2/1 P:RecV=12/12/0/0/0 R:GuaV=0/1/2/0/0 R:RecV=11/11/0/0/0 R:RecV=9/9/0/0/1 
10;2;Senuelos;Hormiguero;4246;22;21;Player;9;0;4;0;0;0;0;23;22;P:SeñC=6/6/0/0/0 P:SeñV=4/5/0/0/0 P:RecV=12/12/0/0/0 R:RecV=5/6/0/0/2 R:RecV=8/8/0/0/1 R:RecV=8/8/0/0/1 
10;3;Senuelos;HormigueroSenuelo;4246;15;20;Rival;9;0;0;0;0;0;0;16;22;P:SeñC=0/0/0/0/0 P:SeñV=6/6/0/0/0 P:RecV=9/10/0/0/0 R:RecV=11/11/0/0/0 R:RecV=9/10/0/0/0 R:SeñC=0/1/0/0/0 
10;4;Senuelos;Jauria;4246;9;14;Rival;9;5;1;0;3;3;0;13;15;P:SeñC=1/2/0/1/2 P:SeñV=2/2/0/1/1 P:RecV=6/9/0/1/2 R:CazC=0/1/2/0/0 R:CazV=2/2/1/0/0 R:RecV=12/12/0/0/1 
10;5;Senuelos;JauriaCentro;4246;10;13;Rival;9;3;2;0;5;5;0;12;18;P:SeñC=0/0/0/3/1 P:SeñV=0/0/0/2/1 P:RecV=10/12/0/0/1 R:CazC=4/4/3/0/0 R:CazC=0/2/2/0/0 R:RecC=9/12/0/0/2 
10;6;Senuelos;Emboscada;4246;2;11;Rival;9;10;2;0;3;3;0;8;14;P:SeñC=2/3/0/2/1 P:SeñV=0/2/0/0/1 P:RecV=0/3/0/1/8 R:CazV=1/1/3/0/0 R:SeñV=0/0/0/0/0 R:RecC=10/13/0/0/2 
10;7;Senuelos;Mixta;4246;13;12;Player;9;1;0;0;2;2;0;16;13;P:SeñC=0/0/0/2/1 P:SeñV=4/4/0/0/0 P:RecV=9/12/0/0/0 R:GuaC=0/0/2/0/0 R:CazC=0/1/0/0/0 R:RecV=12/12/0/0/0 
10;8;Senuelos;Codicia;4246;14;19;Rival;9;0;13;0;0;0;0;16;22;P:SeñC=0/1/0/0/0 P:SeñV=2/3/0/0/0 P:RecV=12/12/0/0/0 R:RecC=5/5/0/0/5 R:RecC=8/11/0/0/3 R:RecC=6/6/0/0/5 
10;9;Senuelos;Escolta;4246;5;13;Rival;10;5;1;0;6;6;0;9;19;P:SeñC=0/0/0/2/0 P:SeñV=0/2/0/1/1 P:RecV=5/7/0/3/4 R:CazC=0/1/3/0/0 R:CazV=2/4/3/0/0 R:RecC=11/14/0/0/1 
10;10;Senuelos;Senuelos;4246;5;5;None;9;6;6;0;0;0;0;5;5;P:SeñC=0/0/0/0/0 P:SeñV=0/0/0/0/0 P:RecV=5/5/0/0/6 R:SeñC=0/0/0/0/0 R:SeñV=0/0/0/0/0 R:RecV=5/5/0/0/6 
10;11;Senuelos;DobleGuardia;4246;12;14;Rival;9;0;2;0;5;5;0;13;15;P:SeñC=0/0/0/3/0 P:SeñV=0/0/0/2/0 P:RecV=12/13/0/0/0 R:GuaC=2/2/3/0/0 R:GuaV=2/2/2/0/0 R:RecC=10/11/0/0/2 
10;12;Senuelos;ContraJauria;4246;13;12;Player;10;2;1;0;3;3;0;18;18;P:SeñC=7/7/0/0/0 P:SeñV=0/1/0/2/1 P:RecV=6/10/0/1/1 R:GuaV=2/3/2/0/0 R:CazV=2/4/1/0/0 R:RecV=8/11/0/0/1 
10;13;Senuelos;Fortin;4246;7;10;Rival;9;5;1;0;5;5;0;9;13;P:SeñC=0/0/0/3/1 P:SeñV=2/4/0/0/0 P:RecV=5/5/0/2/4 R:GuaC=0/0/3/0/0 R:CazV=0/0/2/0/0 R:RecC=10/13/0/0/1 
10;14;Senuelos;Engano;4246;18;10;Player;9;1;12;0;0;0;0;18;10;P:SeñC=0/0/0/0/1 P:SeñV=4/4/0/0/0 P:RecV=14/14/0/0/0 R:SeñC=0/0/0/0/1 R:RecC=6/6/0/0/5 R:RecC=4/4/0/0/6 
10;15;Senuelos;Rebano;4246;6;14;Rival;9;6;9;0;0;0;0;10;16;P:SeñC=2/3/0/0/0 P:SeñV=0/2/0/0/0 P:RecV=4/5/0/0/6 R:RecC=8/8/0/0/5 R:RecV=6/8/0/0/4 R:SeñV=0/0/0/0/0 
11;0;DobleGuardia;Muralla;4246;12;17;Rival;10;2;3;4;3;3;4;13;20;P:GuaC=0/0/4/2/0 P:GuaV=6/6/0/0/0 P:RecC=6/7/0/1/2 R:GuaC=0/0/3/2/0 R:RecC=8/10/0/2/2 R:RecC=9/10/0/0/1 
11;1;DobleGuardia;MurallaVetas;4246;24;23;Player;9;0;0;0;0;0;0;24;23;P:GuaC=6/6/0/0/0 P:GuaV=6/6/0/0/0 P:RecC=12/12/0/0/0 R:GuaV=5/5/0/0/0 R:RecV=9/9/0/0/0 R:RecV=9/9/0/0/0 
11;2;DobleGuardia;Hormiguero;4246;24;23;Player;9;0;0;0;0;0;0;27;25;P:GuaC=6/8/0/0/0 P:GuaV=6/7/0/0/0 P:RecC=12/12/0/0/0 R:RecV=6/7/0/0/0 R:RecV=9/10/0/0/0 R:RecV=8/8/0/0/0 
11;3;DobleGuardia;HormigueroSenuelo;4246;16;19;Rival;9;1;2;3;0;0;3;19;21;P:GuaC=0/0/3/0/0 P:GuaV=6/6/0/0/0 P:RecC=10/13/0/0/1 R:RecV=9/11/0/0/1 R:RecV=10/10/0/0/0 R:SeñC=0/0/0/3/1 
11;4;DobleGuardia;Jauria;4246;15;16;Rival;10;1;0;3;2;2;3;17;19;P:GuaC=0/1/2/1/0 P:GuaV=2/3/1/1/0 P:RecC=13/13/0/0/1 R:CazC=3/3/1/2/0 R:CazV=1/2/1/1/0 R:RecV=12/14/0/0/0 
11;5;DobleGuardia;JauriaCentro;4246;15;8;Player;10;0;1;6;2;2;6;15;15;P:GuaC=0/0/6/0/0 P:GuaV=6/6/0/0/0 P:RecC=9/9/0/2/0 R:CazC=0/0/0/2/0 R:CazC=2/4/2/2/0 R:RecC=6/11/0/2/1 
11;6;DobleGuardia;Emboscada;4246;9;3;Player;10;0;6;8;2;2;8;12;8;P:GuaC=0/0/2/0/0 P:GuaV=0/0/6/0/0 P:RecC=9/12/0/2/0 R:CazV=2/4/2/3/0 R:SeñV=0/0/0/3/1 R:RecC=1/4/0/2/5 
11;7;DobleGuardia;Mixta;4246;10;13;Rival;10;5;1;7;4;4;7;10;15;P:GuaC=0/0/7/3/0 P:GuaV=6/6/0/0/0 P:RecC=4/4/0/1/5 R:GuaC=0/0/3/4/0 R:CazC=1/2/1/3/0 R:RecV=12/13/0/0/1 
11;8;DobleGuardia;Codicia;4246;18;15;Player;9;0;14;3;0;0;3;20;16;P:GuaC=0/0/3/0/0 P:GuaV=6/8/0/0/0 P:RecC=12/12/0/0/0 R:RecC=6/6/0/2/4 R:RecC=6/6/0/0/5 R:RecC=3/4/0/1/5 
11;9;DobleGuardia;Escolta;4246;11;12;Rival;10;2;2;5;2;2;5;14;19;P:GuaC=0/0/2/0/0 P:GuaV=2/2/3/1/0 P:RecC=9/12/0/1/2 R:CazC=8/8/0/0/0 R:CazV=0/0/2/3/0 R:RecC=4/11/0/2/2 
11;10;DobleGuardia;Senuelos;4246;12;12;None;9;1;3;3;0;0;3;14;14;P:GuaC=0/0/2/0/0 P:GuaV=2/2/1/0/0 P:RecC=10/12/0/0/1 R:SeñC=0/1/0/2/1 R:SeñV=0/0/0/1/2 R:RecV=12/13/0/0/0 
11;11;DobleGuardia;DobleGuardia;4246;15;13;Player;10;1;1;5;4;4;5;17;17;P:GuaC=0/0/5/3/0 P:GuaV=6/6/0/0/0 P:RecC=9/11/0/1/1 R:GuaC=0/0/4/3/0 R:GuaV=6/6/0/0/0 R:RecC=7/11/0/2/1 
11;12;DobleGuardia;ContraJauria;4246;14;14;None;10;0;0;3;2;2;3;16;17;P:GuaC=0/2/0/2/0 P:GuaV=2/2/3/0/0 P:RecC=12/12/0/0/0 R:GuaV=6/7/0/0/0 R:CazV=0/0/2/3/0 R:RecV=8/10/0/0/0 
11;13;DobleGuardia;Fortin;4246;4;7;Rival;10;4;2;3;5;5;3;10;14;P:GuaC=0/0/1/3/0 P:GuaV=0/1/2/1/0 P:RecC=4/9/0/1/4 R:GuaC=0/0/4/0/0 R:CazV=1/3/1/2/0 R:RecC=6/11/0/1/2 
11;14;DobleGuardia;Engano;4246;18;14;Player;9;0;8;2;0;0;2;22;14;P:GuaC=0/0/2/0/0 P:GuaV=6/8/0/0/0 P:RecC=12/14/0/0/0 R:SeñC=0/0/0/2/0 R:RecC=8/8/0/0/4 R:RecC=6/6/0/0/4 
11;15;DobleGuardia;Rebano;4246;12;16;Rival;9;0;5;3;0;0;3;13;18;P:GuaC=0/0/1/0/0 P:GuaV=0/1/2/0/0 P:RecC=12/12/0/0/0 R:RecC=4/6/0/1/5 R:RecV=12/12/0/0/0 R:SeñV=0/0/0/2/0 
12;0;ContraJauria;Muralla;4246;18;28;Rival;9;0;0;0;0;0;0;24;28;P:GuaV=6/8/0/0/0 P:CazV=2/4/0/0/0 P:RecV=10/12/0/0/0 R:GuaC=4/4/0/0/0 R:RecC=12/12/0/0/0 R:RecC=12/12/0/0/0 
12;1;ContraJauria;MurallaVetas;4246;18;15;Player;9;0;5;1;1;1;1;21;17;P:GuaV=8/8/0/0/0 P:CazV=2/2/1/1/0 P:RecV=8/11/0/0/0 R:GuaV=2/2/1/0/0 R:RecV=7/8/0/0/2 R:RecV=6/7/0/1/3 
12;2;ContraJauria;Hormiguero;4246;17;16;Player;9;0;5;3;0;0;3;19;20;P:GuaV=8/8/1/0/0 P:CazV=2/2/2/0/0 P:RecV=7/9/0/0/0 R:RecV=3/7/0/2/1 R:RecV=6/6/0/0/2 R:RecV=7/7/0/1/2 
12;3;ContraJauria;HormigueroSenuelo;4246;16;19;Rival;9;0;8;1;0;0;1;19;19;P:GuaV=6/6/0/0/0 P:CazV=0/1/1/0/0 P:RecV=10/12/0/0/0 R:RecV=6/6/0/0/6 R:RecV=9/9/0/0/2 R:SeñC=4/4/0/1/0 
12;4;ContraJauria;Jauria;4246;16;7;Player;10;1;3;5;1;1;5;18;14;P:GuaV=4/5/1/1/0 P:CazV=1/2/4/0/0 P:RecV=11/11/0/0/1 R:CazC=2/4/0/1/0 R:CazV=0/3/1/2/0 R:RecV=5/7/0/2/3 
12;5;ContraJauria;JauriaCentro;4246;16;14;Player;10;0;0;3;3;3;3;19;22;P:GuaV=6/7/0/0/0 P:CazV=0/2/3/3/0 P:RecV=10/10/0/0/0 R:CazC=2/2/1/2/0 R:CazC=3/5/2/0/0 R:RecC=9/15/0/1/0 
12;6;ContraJauria;Emboscada;4246;9;10;Rival;10;1;1;7;2;2;7;11;13;P:GuaV=0/0/6/0/0 P:CazV=2/2/1/0/0 P:RecV=7/9/0/2/1 R:CazV=1/2/2/1/0 R:SeñV=0/0/0/5/0 R:RecC=9/11/0/1/1 
12;7;ContraJauria;Mixta;4246;18;13;Player;9;0;6;0;1;1;0;20;15;P:GuaV=8/8/0/0/0 P:CazV=0/0/0/1/0 P:RecV=10/12/0/0/0 R:GuaC=2/3/1/0/0 R:CazC=6/7/0/0/0 R:RecV=5/5/0/0/6 
12;8;ContraJauria;Codicia;4246;18;12;Player;10;0;15;2;0;0;2;22;20;P:GuaV=8/8/0/0/0 P:CazV=0/2/2/0/0 P:RecV=10/12/0/0/0 R:RecC=6/8/0/0/5 R:RecC=2/7/0/2/6 R:RecC=4/5/0/0/4 
12;9;ContraJauria;Escolta;4246;16;18;Rival;9;0;1;3;1;1;3;19;18;P:GuaV=4/4/1/0/0 P:CazV=0/3/2/1/0 P:RecV=12/12/0/0/0 R:CazC=4/4/0/1/0 R:CazV=3/3/1/2/0 R:RecC=11/11/0/0/1 
12;10;ContraJauria;Senuelos;4246;14;9;Player;9;0;5;5;0;0;5;16;11;P:GuaV=2/3/3/0/0 P:CazV=0/1/2/0/0 P:RecV=12/12/0/0/0 R:SeñC=4/4/0/1/0 R:SeñV=1/1/0/2/1 R:RecV=4/6/0/2/4 
12;11;ContraJauria;DobleGuardia;4246;19;14;Player;10;0;1;3;2;2;3;19;17;P:GuaV=8/8/0/0/0 P:CazV=1/1/3/2/0 P:RecV=10/10/0/0/0 R:GuaC=2/4/0/0/0 R:GuaV=0/1/2/3/0 R:RecC=12/12/0/0/1 
12;12;ContraJauria;ContraJauria;4246;15;17;Rival;10;2;1;3;4;4;3;17;19;P:GuaV=4/5/2/1/0 P:CazV=3/3/1/3/0 P:RecV=8/9/0/0/2 R:GuaV=4/4/2/1/0 R:CazV=4/5/2/1/0 R:RecV=9/10/0/1/1 
12;13;ContraJauria;Fortin;4246;16;15;Player;9;0;1;1;0;0;1;20;19;P:GuaV=2/4/1/0/0 P:CazV=4/4/0/0/0 P:RecV=10/12/0/0/0 R:GuaC=2/4/0/0/0 R:CazV=1/3/0/1/0 R:RecC=12/12/0/0/1 
12;14;ContraJauria;Engano;4246;18;17;Player;10;0;7;1;0;0;1;20;18;P:GuaV=6/7/0/0/0 P:CazV=2/2/1/0/0 P:RecV=10/11/0/0/0 R:SeñC=2/2/0/0/0 R:RecC=7/7/0/0/3 R:RecC=8/9/0/1/4 
12;15;ContraJauria;Rebano;4246;12;10;Player;9;0;9;5;0;0;5;15;17;P:GuaV=2/2/2/0/0 P:CazV=0/1/3/0/0 P:RecV=10/12/0/0/0 R:RecC=1/3/0/1/7 R:RecV=9/12/0/0/1 R:SeñV=0/2/0/4/1 
13;0;Fortin;Muralla;4246;11;18;Rival;9;0;4;3;3;3;3;17;19;P:GuaC=0/0/2/1/0 P:CazV=2/4/1/0/0 P:RecC=9/13/0/2/0 R:GuaC=0/0/3/1/0 R:RecC=9/10/0/1/2 R:RecC=9/9/0/1/2 
13;1;Fortin;MurallaVetas;4246;16;12;Player;9;0;5;4;2;2;4;18;16;P:GuaC=4/6/1/0/0 P:CazV=0/0/3/2/0 P:RecC=12/12/0/0/0 R:GuaV=2/2/2/2/0 R:RecV=6/7/0/1/2 R:RecV=4/7/0/1/3 
13;2;Fortin;Hormiguero;4246;22;21;Player;9;0;2;0;0;0;0;26;22;P:GuaC=6/6/0/0/0 P:CazV=4/6/0/0/0 P:RecC=12/14/0/0/0 R:RecV=8/8/0/0/1 R:RecV=5/6/0/0/1 R:RecV=8/8/0/0/0 
13;3;Fortin;HormigueroSenuelo;4246;12;8;Player;10;2;11;7;0;0;7;15;10;P:GuaC=0/0/5/0/0 P:CazV=2/2/2/0/0 P:RecC=10/13/0/0/2 R:RecV=6/6/0/1/4 R:RecV=2/4/0/1/6 R:SeñC=0/0/0/5/1 
13;4;Fortin;Jauria;4246;14;14;None;10;1;0;5;2;2;5;17;17;P:GuaC=0/1/4/0/0 P:CazV=4/6/1/1/0 P:RecC=10/10/0/1/1 R:CazC=1/1/1/4/0 R:CazV=4/4/1/0/0 R:RecV=9/12/0/1/0 
13;5;Fortin;JauriaCentro;4246;14;10;Player;10;1;3;4;1;1;4;17;15;P:GuaC=0/0/4/0/0 P:CazV=4/4/0/1/0 P:RecC=10/13/0/0/1 R:CazC=0/2/1/2/0 R:CazC=4/4/0/1/0 R:RecC=6/9/0/1/3 
13;6;Fortin;Emboscada;4246;12;9;Player;10;2;2;6;1;1;6;14;13;P:GuaC=0/0/4/0/0 P:CazV=0/2/2/0/0 P:RecC=12/12/0/1/2 R:CazV=3/5/1/0/0 R:SeñV=0/0/0/4/0 R:RecC=6/8/0/2/2 
13;7;Fortin;Mixta;4246;3;4;Rival;11;7;6;10;7;7;10;4;4;P:GuaC=0/0/6/4/0 P:CazV=0/0/4/0/0 P:RecC=3/4/0/3/7 R:GuaC=0/0/6/5/0 R:CazC=1/1/1/1/0 R:RecV=3/3/0/4/6 
13;8;Fortin;Codicia;4246;12;15;Rival;10;0;13;5;0;0;5;16;15;P:GuaC=0/0/4/0/0 P:CazV=0/2/1/0/0 P:RecC=12/14/0/0/0 R:RecC=8/8/0/2/4 R:RecC=3/3/0/2/4 R:RecC=4/4/0/1/5 
13;9;Fortin;Escolta;4246;16;10;Player;9;1;4;1;1;1;1;16;16;P:GuaC=0/0/1/0/0 P:CazV=4/4/0/0/0 P:RecC=12/12/0/1/1 R:CazC=2/4/0/0/0 R:CazV=2/4/1/0/0 R:RecC=6/8/0/1/4 
13;10;Fortin;Senuelos;4246;12;5;Player;10;0;9;8;0;0;8;14;5;P:GuaC=0/0/5/0/0 P:CazV=0/0/3/0/0 P:RecC=12/14/0/0/0 R:SeñC=0/0/0/5/0 R:SeñV=2/2/0/0/2 R:RecV=3/3/0/3/7 
13;11;Fortin;DobleGuardia;4246;8;9;Rival;10;1;1;4;7;7;4;12;12;P:GuaC=0/0/3/4/0 P:CazV=0/0/1/2/0 P:RecC=8/12/0/1/1 R:GuaC=0/0/5/2/0 R:GuaV=0/0/2/1/0 R:RecC=9/12/0/1/1 
13;12;Fortin;ContraJauria;4246;17;13;Player;10;0;1;2;2;2;2;18;16;P:GuaC=2/2/0/0/0 P:CazV=3/4/2/1/0 P:RecC=12/12/0/1/0 R:GuaV=0/3/0/2/0 R:CazV=2/2/2/0/0 R:RecV=11/11/0/0/1 
13;13;Fortin;Fortin;4246;8;12;Rival;9;3;1;4;4;4;4;12;17;P:GuaC=0/0/3/2/0 P:CazV=4/4/1/0/0 P:RecC=4/8/0/2/3 R:GuaC=0/0/4/2/0 R:CazV=3/5/0/1/0 R:RecC=9/12/0/1/1 
13;14;Fortin;Engano;4246;15;11;Player;10;1;8;4;0;0;4;16;20;P:GuaC=0/0/3/0/0 P:CazV=3/3/1/0/0 P:RecC=12/13/0/0/1 R:SeñC=0/2/0/3/0 R:RecC=8/9/0/0/4 R:RecC=3/9/0/1/4 
13;15;Fortin;Rebano;4246;12;12;None;10;0;10;5;0;0;5;15;15;P:GuaC=0/0/2/0/0 P:CazV=0/0/3/0/0 P:RecC=12/15/0/0/0 R:RecC=4/5/0/1/6 R:RecV=6/6/0/3/3 R:SeñV=2/4/0/1/1 
14;0;Engano;Muralla;4246;20;20;None;10;4;2;0;3;3;0;22;23;P:SeñC=0/0/0/3/0 P:RecC=8/9/0/0/3 P:RecC=12/13/0/0/1 R:GuaC=0/1/3/0/0 R:RecC=10/11/0/0/1 R:RecC=10/11/0/0/1 
14;1;Engano;MurallaVetas;4246;28;20;Player;9;0;1;0;0;0;0;28;23;P:SeñC=4/4/0/0/0 P:RecC=12/12/0/0/0 P:RecC=12/12/0/0/0 R:GuaV=5/5/0/0/0 R:RecV=9/9/0/0/1 R:RecV=6/9/0/0/0 
14;2;Engano;Hormiguero;4246;27;23;Player;9;0;0;0;0;0;0;30;24;P:SeñC=6/6/0/0/0 P:RecC=12/12/0/0/0 P:RecC=9/12/0/0/0 R:RecV=9/9/0/0/0 R:RecV=6/7/0/0/0 R:RecV=8/8/0/0/0 
14;3;Engano;HormigueroSenuelo;4246;15;20;Rival;9;8;0;0;0;0;0;20;20;P:SeñC=2/2/0/0/0 P:RecC=6/9/0/0/4 P:RecC=7/9/0/0/4 R:RecV=11/11/0/0/0 R:RecV=9/9/0/0/0 R:SeñC=0/0/0/0/0 
14;4;Engano;Jauria;4246;9;14;Rival;10;10;0;0;2;2;0;17;18;P:SeñC=2/3/0/1/0 P:RecC=4/7/0/0/6 P:RecC=3/7/0/1/4 R:CazC=0/0/1/0/0 R:CazV=2/4/1/0/0 R:RecV=12/14/0/0/0 
14;5;Engano;JauriaCentro;4246;5;13;Rival;9;13;0;0;6;6;0;7;16;P:SeñC=0/0/0/3/1 P:RecC=4/5/0/1/4 P:RecC=1/2/0/2/8 R:CazC=0/1/5/0/0 R:CazC=1/1/1/0/0 R:RecC=12/14/0/0/0 
14;6;Engano;Emboscada;4246;18;12;Player;9;8;2;0;1;1;0;20;16;P:SeñC=0/0/0/0/1 P:RecC=9/9/0/0/5 P:RecC=9/11/0/1/2 R:CazV=2/2/1/0/0 R:SeñV=2/3/0/0/0 R:RecC=8/11/0/0/2 
14;7;Engano;Mixta;4246;7;12;Rival;10;13;0;0;6;6;0;9;16;P:SeñC=0/0/0/4/1 P:RecC=4/4/0/0/7 P:RecC=3/5/0/2/5 R:GuaC=0/0/5/0/0 R:CazC=0/2/1/0/0 R:RecV=12/14/0/0/0 
14;8;Engano;Codicia;4246;20;20;None;9;0;7;0;0;0;0;23;26;P:SeñC=0/1/0/0/0 P:RecC=11/12/0/0/0 P:RecC=9/10/0/0/0 R:RecC=6/8/0/0/3 R:RecC=9/11/0/0/1 R:RecC=5/7/0/0/3 
14;9;Engano;Escolta;4246;4;15;Rival;9;14;1;0;4;4;0;6;16;P:SeñC=0/1/0/1/0 P:RecC=0/1/0/2/8 P:RecC=4/4/0/1/6 R:CazC=1/1/3/0/0 R:CazV=2/2/1/0/0 R:RecC=12/13/0/0/1 
14;10;Engano;Senuelos;4246;12;14;Rival;9;10;0;0;0;0;0;15;14;P:SeñC=0/1/0/0/0 P:RecC=6/6/0/0/5 P:RecC=6/8/0/0/5 R:SeñC=0/0/0/0/0 R:SeñV=2/2/0/0/0 R:RecV=12/12/0/0/0 
14;11;Engano;DobleGuardia;4246;17;16;Player;10;6;0;0;6;6;0;18;19;P:SeñC=0/0/0/4/0 P:RecC=8/9/0/1/3 P:RecC=9/9/0/1/3 R:GuaC=0/0/4/0/0 R:GuaV=4/5/2/0/0 R:RecC=12/14/0/0/0 
14;12;Engano;ContraJauria;4246;21;18;Player;9;6;0;0;1;1;0;22;19;P:SeñC=4/4/0/0/0 P:RecC=9/10/0/1/2 P:RecC=8/8/0/0/4 R:GuaV=6/6/0/0/0 R:CazV=2/2/1/0/0 R:RecV=10/11/0/0/0 
14;13;Engano;Fortin;4246;14;11;Player;9;8;2;0;4;4;0;17;13;P:SeñC=0/0/0/2/1 P:RecC=8/8/0/1/4 P:RecC=6/9/0/1/3 R:GuaC=0/0/1/0/0 R:CazV=2/2/3/0/0 R:RecC=9/11/0/0/2 
14;14;Engano;Engano;4246;18;20;Rival;9;4;4;0;0;0;0;18;23;P:SeñC=0/0/0/0/0 P:RecC=9/9/0/0/2 P:RecC=9/9/0/0/2 R:SeñC=0/2/0/0/1 R:RecC=11/11/0/0/1 R:RecC=9/10/0/0/2 
14;15;Engano;Rebano;4246;24;16;Player;9;0;2;0;0;0;0;26;23;P:SeñC=0/2/0/0/0 P:RecC=12/12/0/0/0 P:RecC=12/12/0/0/0 R:RecC=7/9/0/0/2 R:RecV=9/12/0/0/0 R:SeñV=0/2/0/0/0 
15;0;Rebano;Muralla;4246;15;24;Rival;9;2;0;0;5;5;0;19;24;P:RecC=6/7/0/2/2 P:RecV=9/12/0/0/0 P:SeñV=0/0/0/3/0 R:GuaC=0/0/5/0/0 R:RecC=12/12/0/0/0 R:RecC=12/12/0/0/0 
15;1;Rebano;MurallaVetas;4246;18;18;None;9;0;0;0;2;2;0;24;23;P:RecC=9/12/0/0/0 P:RecV=9/12/0/0/0 P:SeñV=0/0/0/2/0 R:GuaV=2/4/2/0/0 R:RecV=9/11/0/0/0 R:RecV=7/8/0/0/0 
15;2;Rebano;Hormiguero;4246;25;20;Player;9;0;4;0;0;0;0;29;21;P:RecC=12/14/0/0/0 P:RecV=9/11/0/0/0 P:SeñV=4/4/0/0/0 R:RecV=9/10/0/0/0 R:RecV=7/7/0/0/1 R:RecV=4/4/0/0/3 
15;3;Rebano;HormigueroSenuelo;4246;19;15;Player;9;5;2;0;0;0;0;19;20;P:RecC=3/3/0/0/5 P:RecV=12/12/0/0/0 P:SeñV=4/4/0/0/0 R:RecV=6/9/0/0/1 R:RecV=9/10/0/0/1 R:SeñC=0/1/0/0/0 
15;4;Rebano;Jauria;4246;4;6;Rival;10;14;5;0;6;6;0;4;9;P:RecC=1/1/0/3/6 P:RecV=3/3/0/3/8 P:SeñV=0/0/0/0/0 R:CazC=0/0/3/0/0 R:CazV=0/0/3/0/0 R:RecV=6/9/0/0/5 
15;5;Rebano;JauriaCentro;4246;15;15;None;9;9;0;0;3;3;0;21;16;P:RecC=5/7/0/2/5 P:RecV=10/10/0/0/3 P:SeñV=0/4/0/1/1 R:CazC=1/2/2/0/0 R:CazC=2/2/1/0/0 R:RecC=12/12/0/0/0 
15;6;Rebano;Emboscada;4246;7;14;Rival;10;8;0;0;2;2;0;13;17;P:RecC=4/8/0/1/3 P:RecV=3/3/0/1/5 P:SeñV=0/2/0/0/0 R:CazV=2/2/2/0/0 R:SeñV=0/0/0/0/0 R:RecC=12/15/0/0/0 
15;7;Rebano;Mixta;4246;14;14;None;9;10;0;0;2;2;0;17;14;P:RecC=1/1/0/1/8 P:RecV=9/12/0/0/1 P:SeñV=4/4/0/1/1 R:GuaC=0/0/0/0/0 R:CazC=2/2/2/0/0 R:RecV=12/12/0/0/0 
15;8;Rebano;Codicia;4246;20;27;Rival;9;0;3;0;0;0;0;26;29;P:RecC=9/12/0/0/0 P:RecV=9/12/0/0/0 P:SeñV=2/2/0/0/0 R:RecC=9/10/0/0/1 R:RecC=9/10/0/0/0 R:RecC=9/9/0/0/2 
15;9;Rebano;Escolta;4246;10;12;Rival;9;7;1;0;2;2;0;18;15;P:RecC=4/6/0/1/5 P:RecV=4/8/0/1/2 P:SeñV=2/4/0/0/0 R:CazC=1/1/1/0/0 R:CazV=2/2/1/0/0 R:RecC=9/12/0/0/1 
15;10;Rebano;Senuelos;4246;11;16;Rival;9;11;1;0;0;0;0;12;17;P:RecC=6/6/0/0/5 P:RecV=3/4/0/0/6 P:SeñV=2/2/0/0/0 R:SeñC=4/4/0/0/0 R:SeñV=0/0/0/0/0 R:RecV=12/13/0/0/1 
15;11;Rebano;DobleGuardia;4246;14;16;Rival;9;4;0;0;4;4;0;23;17;P:RecC=5/8/0/1/4 P:RecV=9/12/0/0/0 P:SeñV=0/3/0/3/0 R:GuaC=0/0/3/0/0 R:GuaV=4/5/1/0/0 R:RecC=12/12/0/0/0 
15;12;Rebano;ContraJauria;4246;18;11;Player;9;2;2;0;3;3;0;22;15;P:RecC=9/11/0/0/1 P:RecV=9/10/0/1/1 P:SeñV=0/1/0/2/0 R:GuaV=2/2/2/0/0 R:CazV=3/3/1/0/0 R:RecV=6/10/0/0/2 
15;13;Rebano;Fortin;4246;7;13;Rival;10;4;1;0;6;6;0;19;16;P:RecC=4/8/0/2/2 P:RecV=3/9/0/2/2 P:SeñV=0/2/0/2/0 R:GuaC=0/0/3/0/0 R:CazV=4/4/3/0/0 R:RecC=9/12/0/0/1 
15;14;Rebano;Engano;4246;20;23;Rival;9;2;3;0;0;0;0;23;23;P:RecC=11/11/0/0/2 P:RecV=9/12/0/0/0 P:SeñV=0/0/0/0/0 R:SeñC=2/2/0/0/0 R:RecC=9/9/0/0/2 R:RecC=12/12/0/0/1 
15;15;Rebano;Rebano;4246;21;19;Player;9;1;4;0;0;0;0;24;20;P:RecC=12/14/0/0/0 P:RecV=9/10/0/0/1 P:SeñV=0/0/0/0/0 R:RecC=12/12/0/0/0 R:RecV=5/6/0/0/4 R:SeñV=2/2/0/0/0 
